count_id,count_name,count_curr
25,Russia,Ruble
778,Indonesia,Rupiah
1666,Jordan,Dinar
154,Peru,Sol
1119,Brazil,Real
1997,Colombia,Peso
1872,Portugal,Euro
1118,Syria,Pound
1452,Greece,Euro
353,China,Yuan Renminbi
158,Norway,Krone
1710,Philippines,Peso
878,France,Euro
447,Cameroon,Franc
1375,Palestinian Territory,Shekel
633,Sweden,Krona
1281,Slovenia,Euro
1753,Czech Republic,Koruna
454,Tunisia,Dinar
1243,South Africa,Rand
618,Democratic Republic of the Congo,Franc
215,Bulgaria,Lev
1647,Croatia,Kuna
1014,Mexico,Peso
135,Finland,Euro
915,Albania,Lek
1858,Ukraine,Hryvnia
1176,Zambia,Kwacha
803,Macedonia,Denar
152,Azerbaijan,Manat
213,Yemen,Rial
80,Thailand,Baht
217,Chile,Peso
499,Denmark,Krone
1711,El Salvador,Dollar
521,Bahamas,Dollar
1208,Venezuela,Bolivar
407,Poland,Zloty
1674,Morocco,Dirham
33,Panama,Balboa
1924,Senegal,Franc
966,Bhutan,Ngultrum
19,Spain,Euro
1261,Ireland,Euro
1350,United States,Dollar
1479,Canada,Dollar
169,Tanzania,Shilling
474,Ecuador,Dollar
1574,Iran,Rial
1594,Kazakhstan,Tenge
1589,Belarus,Ruble
888,Micronesia,Dollar
448,Georgia,Lari
1918,Dominican Republic,Peso
1610,Afghanistan,Afghani
270,Serbia,Dinar
1272,Vietnam,Dong
1689,Nigeria,Naira
1085,Mongolia,Tugrik
680,Argentina,Peso
1340,Burkina Faso,Franc
1971,Japan,Yen
914,Malaysia,Ringgit
1695,Belize,Dollar
1023,Germany,Euro
1824,Tajikistan,Somoni
1155,South Korea,Won
1142,Western Sahara,Dirham
595,Guinea,Franc
335,Nicaragua,Cordoba
294,Latvia,Euro
1437,Bangladesh,Taka
422,Malawi,Kwacha
1540,Pakistan,Rupee
842,Italy,Euro
1966,Mauritania,Ouguiya
379,Angola,Kwanza
1681,Guatemala,Quetzal
987,Cuba,Peso
240,Comoros,Franc
1671,Haiti,Gourde
857,Hungary,Forint
1154,Uganda,Shilling
1487,Bolivia,Boliviano
1904,Zimbabwe,Dollar
862,Netherlands,Euro
585,Armenia,Dram
33,United Kingdom,Pound
898,Cyprus,Euro
1625,Brunei,Dollar
1016,Ethiopia,Birr
1917,Ghana,Cedi
851,Uruguay,Peso
1046,Luxembourg,Euro
1511,Saint Vincent and the Grenadines,Dollar
406,Namibia,Dollar
170,Turkmenistan,Manat
1054,Swaziland,Lilangeni
1149,Cape Verde,Escudo
1369,American Samoa,Dollar
1599,Benin,Franc
1102,Rwanda,Franc
339,Saudi Arabia,Rial
1853,Madagascar,Ariary
443,Togo,Franc
213,Sierra Leone,Leone
1172,Sudan,Pound
1266,Honduras,Lempira
189,New Zealand,Dollar
1075,Paraguay,Guarani
138,Reunion,Euro
1514,Iceland,Krona
342,Marshall Islands,Dollar
1376,Egypt,Pound
660,Nepal,Rupee
621,Turks and Caicos Islands,Dollar
118,Ivory Coast,Franc
