com_id,com_name,com_address,trans_amount
1,Casper-Trantow,519 Anniversary Junction,380723
2,McKenzie-Streich,5 Arkansas Park,815727
3,Goldner-Walter,84 Sachtjen Center,41737
4,Considine-Upton,618 Macpherson Lane,150065
5,"Koch, Cronin and Nienow",5 Moose Lane,357663
6,Bartell-Rempel,10127 Gina Drive,382997
7,Smith Group,96950 Knutson Point,273027
8,Crist Inc,91530 Paget Court,401803
9,Gutmann LLC,44 Haas Terrace,124127
10,Schmidt LLC,59 Sutteridge Street,734348
11,Larkin-Okuneva,6 Mayer Center,129665
12,Metz-Glover,6439 Artisan Drive,771294
13,"Ryan, Torphy and Koelpin",7970 Erie Center,441930
14,MacGyver-Williamson,4 Anzinger Center,33092
15,Metz-Veum,5 Farragut Hill,498650
16,"Muller, Rohan and Koch",05679 Fallview Drive,417145
17,Frami LLC,4 Grayhawk Center,222043
18,"Brakus, Willms and Friesen",11 Acker Drive,180328
19,Hermiston-Kunde,027 East Place,998725
20,Ondricka Group,3 Thackeray Way,412018
21,Rodriguez-Wilkinson,0551 Hallows Way,206173
22,Mosciski-Stehr,244 Mccormick Avenue,602136
23,Haley and Sons,227 Esch Drive,581490
24,Baumbach-Crona,83 Fairview Center,576637
25,"Wiegand, Padberg and Gutkowski",8 Rusk Junction,144765
26,"Klein, Block and Yundt",9 Sommers Alley,319385
27,"Jones, Huel and Bernhard",03 Nancy Center,291376
28,"Cormier, Kihn and Ankunding",68 Roxbury Plaza,608095
29,"Johnston, Herman and Hane",154 Brickson Park Avenue,945531
30,"Crist, Zboncak and Waelchi",28401 Melvin Circle,661935
31,"Rau, Becker and Schiller",5839 Shopko Alley,712605
32,Ritchie-Cronin,98 Spenser Center,555703
33,"Stanton, Oberbrunner and Bartell",5 Florence Point,286316
34,Donnelly-Morar,8 Union Circle,108866
35,Walter LLC,9 Canary Parkway,306373
36,Smith Inc,04 Pennsylvania Pass,477187
37,"Armstrong, Lowe and Gusikowski",82977 Almo Crossing,833853
38,Langworth-Rutherford,4 Mendota Hill,594626
39,Hartmann and Sons,431 Kings Point,384467
40,"Trantow, Morar and Mohr",7786 Grasskamp Pass,836300
41,"Douglas, Gutmann and Barton",41 Declaration Court,645187
42,Brakus-Berge,8 Manley Crossing,783621
43,Greenfelder LLC,6025 Sullivan Crossing,829551
44,"Jenkins, Miller and Crooks",700 Bartillon Drive,620945
45,Haley Group,9388 Dottie Center,338759
46,Stoltenberg Group,5518 Merrick Circle,587328
47,Rowe-O'Connell,2451 Schlimgen Center,883369
48,"Krajcik, Wiza and Altenwerth",5009 Forster Circle,934860
49,"Stracke, Green and Wuckert",00123 Derek Street,624298
50,Yost-Howe,893 Kennedy Hill,704141
51,Kihn-Dooley,44 West Terrace,266894
52,"Reilly, Legros and Kerluke",93076 Florence Court,696269
53,"Schowalter, Labadie and Emmerich",2722 Johnson Plaza,454653
54,Nitzsche Group,9701 Grover Terrace,875231
55,"Klocko, Schneider and Auer",30698 Thackeray Center,274815
56,Wolf Group,58 Melby Pass,526544
57,"Wuckert, O'Connell and Bernier",8984 Vahlen Crossing,640547
58,"Davis, Koch and Prosacco",1564 Crowley Crossing,845610
59,"Daugherty, Howe and Morar",016 Autumn Leaf Crossing,614398
60,"Marvin, Hermiston and Buckridge",214 3rd Avenue,269313
61,Kovacek LLC,4323 Loeprich Street,455052
62,Hayes and Sons,29 Killdeer Lane,136852
63,McGlynn Inc,1617 Corben Street,890904
64,Prosacco Inc,54903 Manley Alley,898288
65,"Cremin, Leffler and Kuhic",4 Declaration Parkway,732008
66,"Daniel, Wisozk and Weissnat",07 Bashford Terrace,415841
67,Trantow-Hartmann,92 Mandrake Center,748413
68,Steuber-Block,960 6th Court,404545
69,"Wisoky, Wuckert and Crooks",71626 Fairfield Avenue,584453
70,Waelchi-Roob,7015 5th Alley,484945
71,Reilly-Treutel,5 Hayes Lane,936139
72,Gottlieb-Littel,88 Daystar Junction,828431
73,Heidenreich and Sons,64 Corscot Avenue,406622
74,Osinski LLC,9 Carberry Circle,199832
75,Little and Sons,4 Granby Street,450299
76,Blick-Cassin,6166 Mcbride Point,138753
77,McLaughlin and Sons,1 Nelson Road,410861
78,Dare Inc,6 Mariners Cove Trail,802484
79,Fisher-Sporer,2 Nobel Center,129466
80,Smitham and Sons,883 Bowman Crossing,250053
81,Leffler Inc,2 Algoma Center,253591
82,Jacobi-Zieme,60 Warrior Park,519899
83,Strosin-Bode,061 Mifflin Point,382114
84,Becker-Lakin,81082 Loeprich Way,166665
85,O'Kon-Batz,92 Sloan Road,330087
86,"Daugherty, Weimann and Greenholt",03040 Sachs Hill,738016
87,"Hermann, Kuhlman and Hammes",54314 Saint Paul Court,979918
88,Lang LLC,67 Onsgard Lane,808861
89,"Balistreri, Bradtke and Hickle",6545 Dakota Point,372987
90,"Goodwin, Green and Cassin",123 Shelley Hill,810348
91,Mohr-Barrows,1 Menomonie Lane,938906
92,Dickinson LLC,14 Porter Crossing,338700
93,Keebler and Sons,509 Springview Pass,385448
94,Braun-Hirthe,5557 Dovetail Point,798548
95,Rempel LLC,02934 Vernon Lane,621374
96,Davis-Kautzer,1 Westend Hill,150224
97,Crist-Brown,2070 Bobwhite Junction,848752
98,Ledner-Harber,72556 School Circle,634298
99,Heathcote-Bechtelar,20 David Circle,765026
100,Buckridge-Kemmer,879 Ruskin Hill,917170
101,"Paucek, Wintheiser and Marvin",8732 Hayes Trail,398689
102,Rath Group,6 Mayfield Hill,986953
103,Rodriguez-Stiedemann,2924 Rieder Trail,728929
104,Lowe-Gibson,06737 Gulseth Place,876044
105,Fadel LLC,6 Huxley Alley,314726
106,"Keebler, Keebler and Hermiston",57624 Harper Junction,506287
107,"Schultz, Durgan and Abshire",4 Blaine Street,783950
108,Cummerata and Sons,41059 Dahle Avenue,479088
109,"Schulist, O'Hara and Koss",0 7th Circle,27234
110,Cremin Group,7004 Kensington Way,671684
111,"Stokes, Legros and Strosin",513 John Wall Center,110667
112,Weimann LLC,134 Hansons Plaza,235535
113,Medhurst LLC,74447 Melvin Alley,424714
114,Mills-Hauck,0 Pankratz Drive,294084
115,"Bins, Zieme and Schneider",107 Buhler Crossing,430971
116,Bernhard-Bayer,28 Dapin Way,369135
117,"Runolfsdottir, Green and Hyatt",16869 Dovetail Circle,553119
118,Swift Group,00 Rieder Court,582241
119,Vandervort-Nienow,46706 Forest Circle,661327
120,Hand-Macejkovic,139 Kensington Hill,228508
121,Kovacek Group,25 Emmet Trail,369058
122,"Stehr, Mohr and Zemlak",4 Bashford Lane,824704
123,Labadie-Hettinger,96 3rd Court,452885
124,Hoeger-Hammes,62785 Dottie Place,952064
125,Lynch-Abshire,8 Porter Lane,948488
126,"Considine, Stroman and Effertz",11 Roxbury Avenue,91629
127,"Schoen, Rath and O'Connell",71500 Havey Court,966091
128,Will-Kuvalis,8 Rowland Street,330210
129,Klein-Abernathy,733 Anniversary Point,782955
130,"Nicolas, Bruen and Mante",41417 Roxbury Drive,505209
131,Kulas-Raynor,8 Dryden Drive,565675
132,Conn-Carroll,300 Buell Junction,888070
133,"Rosenbaum, Gerlach and Kassulke",1 Summit Drive,33098
134,"Koch, Cronin and Boehm",40 Killdeer Crossing,624768
135,"Sipes, Waelchi and Quitzon",03 Mayfield Hill,326381
136,Klein-Johnson,6312 Lukken Road,178515
137,Hyatt-Hackett,96853 Marcy Point,588853
138,Lindgren-Altenwerth,06 Granby Hill,370541
139,Lakin Inc,5936 Fisk Lane,787281
140,Ruecker Group,7 Lakewood Gardens Way,520740
141,Waelchi-Steuber,1546 Gateway Hill,876162
142,Considine LLC,150 Columbus Circle,870891
143,Stark-Stehr,843 Karstens Crossing,471969
144,"Simonis, Hackett and Roberts",43 Lerdahl Trail,631254
145,"Beier, Swaniawski and Lueilwitz",67069 Maple Pass,203566
146,Hudson-Harris,12 Ilene Center,524536
147,Homenick LLC,579 Sauthoff Street,177315
148,"Sanford, Kuphal and Hoeger",87044 6th Crossing,18835
149,Hintz-Bogisich,9273 Buell Hill,142694
150,Feeney-Bernier,41 Ronald Regan Center,867863
151,Anderson Inc,87 Oak Valley Parkway,171374
152,"Hodkiewicz, Lynch and Boyer",0 Moose Circle,643903
153,Emard-Abbott,501 Ohio Circle,350361
154,Parisian-Smith,9 Dakota Street,868916
155,McClure and Sons,37001 Florence Pass,32925
156,"King, Beahan and Graham",18 Cambridge Avenue,882372
157,Corwin and Sons,94761 Annamark Park,355668
158,"Kuhlman, Beier and Schneider",0 Lakeland Parkway,260030
159,Leannon-Harber,7 Melody Trail,623620
160,Shanahan-Frami,84 Rusk Alley,799913
161,"Wiegand, Berge and Stracke",12674 Banding Circle,679409
162,Sauer-Funk,85 Forster Drive,386712
163,Grant-Flatley,30498 Waubesa Drive,934611
164,Baumbach-Jones,24424 Monica Street,27002
165,"Cormier, West and Crona",3 Sunbrook Terrace,160104
166,Langworth Group,444 Golf View Alley,458913
167,Hermann Inc,7 Brickson Park Crossing,377341
168,"Greenfelder, Toy and Howe",7 Crowley Way,292113
169,"Schulist, McGlynn and Rippin",4093 Hanover Drive,601729
170,Spencer-Boehm,40 Scott Trail,565733
171,"Goodwin, Ratke and White",0877 Melby Street,197285
172,Gibson-Schmeler,3 Pawling Plaza,52302
173,"Bernier, Russel and Kshlerin",96 Summer Ridge Center,342309
174,Funk-Deckow,63 Menomonie Trail,749090
175,McClure-Davis,436 Maple Trail,687411
176,Bernhard-Armstrong,2 Arkansas Park,543145
177,Schowalter-Langosh,08 Lakeland Court,371332
178,"Hagenes, Auer and Douglas",54 Northfield Hill,987736
179,Runte-Gutmann,561 Red Cloud Pass,90928
180,Hirthe-Orn,89805 Spaight Crossing,280892
181,Bashirian-Fadel,9084 Maywood Point,11289
182,Price-Graham,362 Eastwood Street,694528
183,"West, Jenkins and Gleichner",65 Jay Plaza,920817
184,Larkin-Stroman,78 Hayes Court,512111
185,"Kihn, Stamm and Kulas",02108 Nelson Trail,937622
186,"Pfannerstill, Lesch and Wiegand",8 Wayridge Terrace,924553
187,"Willms, Wunsch and Connelly",05567 Elgar Center,323000
188,"Spinka, Becker and Jacobi",5 Lerdahl Park,835215
189,"Dooley, Lynch and Tremblay",3430 Carioca Court,95795
190,Lakin-Hodkiewicz,535 Lunder Park,123957
191,Hane-Dickens,50320 Rigney Alley,952875
192,Cormier-Lind,345 Hoepker Lane,38732
193,Kub-Rippin,128 Fallview Center,691242
194,Fay and Sons,275 Grayhawk Plaza,585597
195,Keebler LLC,09267 Dovetail Way,297729
196,"Yundt, Becker and Spinka",46466 Jana Center,541699
197,Hettinger-McKenzie,4992 Delladonna Point,971757
198,"Rosenbaum, Moore and Leuschke",3 Laurel Alley,707648
199,Klein-Satterfield,2785 Canary Hill,369252
200,"Wolf, Kuhlman and Fadel",65825 Spohn Court,695017
201,Hayes-Tillman,89788 Hudson Pass,708156
202,Leuschke-McClure,97572 Bartelt Way,20917
203,Berge-Hills,47874 Saint Paul Park,590737
204,Hodkiewicz LLC,618 Vidon Drive,477634
205,Emard-Kohler,4 Glendale Park,873143
206,"O'Kon, Goodwin and Schaefer",0649 Nevada Street,623970
207,"Glover, McClure and Predovic",2406 Westerfield Trail,27947
208,"Pfannerstill, Kemmer and Zieme",581 Beilfuss Trail,760623
209,"Nicolas, Robel and Mayert",7854 Eggendart Circle,393836
210,Schmidt-Lesch,26361 Fallview Court,903727
211,"Powlowski, Flatley and Glover",38220 Hanover Parkway,208551
212,Ledner and Sons,515 Jay Circle,39870
213,"Greenholt, Bergnaum and Gaylord",667 Park Meadow Place,253547
214,Lueilwitz-Hirthe,6 Bunting Drive,834441
215,"Collier, Kutch and Treutel",937 Westerfield Park,891822
216,Dickens LLC,51 Lien Place,261062
217,Schimmel Group,589 Mayfield Pass,464665
218,Hilpert LLC,22 Rigney Center,577187
219,"Brekke, Corkery and Kautzer",6 Dexter Trail,258427
220,Stamm-Predovic,92541 Park Meadow Park,914283
221,Smith-Torphy,705 Bunker Hill Terrace,876944
222,Towne LLC,3362 Hovde Center,220649
223,Wunsch-Hackett,2798 Scofield Trail,699762
224,"Cormier, Ledner and DuBuque",401 Hoepker Park,59813
225,Jakubowski-Ortiz,45153 Artisan Alley,690175
226,"Bradtke, Roberts and Bode",68 Ridge Oak Avenue,418676
227,Dare Inc,0 Ludington Way,539108
228,Roob-Harvey,96099 Laurel Crossing,110662
229,Bernhard-Kirlin,427 Nelson Point,483315
230,"Feil, Nicolas and Leffler",7 Dorton Circle,50027
231,"Hilll, Graham and Hansen",040 Corscot Park,681527
232,"Simonis, Turner and Ledner",7757 Lillian Terrace,701459
233,Murazik LLC,2574 Donald Parkway,114122
234,"Schaefer, Ratke and Torphy",9 Longview Park,134525
235,Monahan-Wiegand,284 Manitowish Junction,739325
236,Reilly Group,6780 Dayton Avenue,968468
237,Pfannerstill and Sons,53 Haas Trail,750676
238,"Wuckert, Nader and Upton",9259 Bunker Hill Avenue,788175
239,Jacobi and Sons,1879 4th Lane,380813
240,"Volkman, Emmerich and Smitham",11 Troy Park,17410
241,"Murray, Lueilwitz and Schowalter",067 Ohio Road,717446
242,Borer-Beier,705 Vermont Point,996132
243,Hahn-Corkery,388 Colorado Court,973567
244,O'Keefe-Feil,274 Northport Parkway,816748
245,Runte LLC,56 Union Street,862854
246,"Greenholt, Cummerata and Cronin",8756 Jackson Avenue,934627
247,Gaylord and Sons,7142 Raven Circle,329174
248,"Yost, Satterfield and Wiegand",62 Loeprich Center,113939
249,Maggio Group,240 Vernon Court,497604
250,Larson Inc,49780 Darwin Hill,546154
251,Heaney LLC,9403 Packers Crossing,655194
252,Cremin-Moen,56 Nevada Lane,597067
253,Reynolds LLC,69057 Del Mar Hill,903135
254,"Rutherford, Hahn and Abshire",64 Victoria Place,165907
255,"Lockman, Dietrich and Cummings",1 Golf View Place,68707
256,"D'Amore, Tillman and Gleichner",0 Portage Avenue,753799
257,Brakus Group,7 Elka Street,203751
258,"Nienow, White and Bashirian",2 Marcy Crossing,912601
259,Corwin and Sons,100 Sutherland Hill,650644
260,Cole-Wiza,153 Boyd Road,286677
261,Blanda-Bogan,82 La Follette Street,614745
262,"Feest, Heaney and Schmitt",834 Rockefeller Park,769467
263,Marks-Legros,447 Norway Maple Plaza,589006
264,Jones LLC,79 7th Junction,886761
265,Prohaska-Frami,77120 Rigney Trail,10866
266,"Ritchie, Tromp and Denesik",43865 Thompson Road,697403
267,Thiel Group,56 Rowland Circle,851590
268,"Lehner, Wehner and Homenick",9 Farragut Drive,539900
269,Hackett and Sons,66 Main Terrace,741055
270,Kling Group,9879 Lillian Alley,28149
271,Gorczany-Schroeder,47754 Toban Court,22871
272,"Pouros, Strosin and Hintz",9519 Pepper Wood Park,697023
273,Emard-Bechtelar,606 Summerview Street,742943
274,"Casper, Brekke and Lang",11848 Fremont Court,256730
275,Towne and Sons,520 Anderson Road,770991
276,"Stark, Fritsch and Little",48 Mockingbird Road,343558
277,Kozey LLC,550 Golf View Terrace,809656
278,"Bechtelar, Hessel and O'Connell",1 Morrow Point,764465
279,"Hayes, O'Hara and Stark",72055 Summer Ridge Trail,509784
280,Ratke Group,73 Briar Crest Crossing,664708
281,Hessel-Predovic,79 Ronald Regan Alley,511909
282,Corkery Inc,42 Monument Avenue,700387
283,"Klocko, Bode and Hegmann",6006 Stephen Plaza,403091
284,"Schroeder, Toy and Feest",5 Haas Place,457442
285,Harber-Marks,8796 Muir Terrace,877281
286,Davis Inc,935 Glacier Hill Junction,437539
287,"Hane, Ortiz and Kuphal",22 Charing Cross Point,816670
288,"Crooks, Kshlerin and Schiller",0 Russell Hill,687373
289,"Kshlerin, Kessler and Pfannerstill",6 Maple Wood Circle,373364
290,"Gorczany, Lind and Terry",422 Fairview Junction,331594
291,"Champlin, Harvey and Bauch",363 7th Crossing,118943
292,Harber Inc,169 Oakridge Park,559612
293,Deckow-Vandervort,64352 Monica Crossing,982948
294,Johns LLC,25458 Corben Trail,765255
295,Balistreri Inc,72475 Barby Center,344173
296,Rodriguez-Eichmann,7 Eliot Street,716562
297,Prosacco LLC,3398 Arizona Trail,467937
298,Rutherford-Lebsack,6 Bashford Place,893134
299,Bogan Group,4998 Larry Avenue,345584
300,Raynor and Sons,2349 Di Loreto Point,666529
301,Stehr-Hoppe,24498 West Point,816693
302,O'Conner and Sons,91 Jana Plaza,669337
303,Adams-Rowe,888 Becker Drive,33626
304,Gutkowski-Kerluke,36 Truax Center,706951
305,Hammes-Mertz,08 Vermont Pass,626655
306,"Marvin, Zieme and Friesen",0511 Utah Point,474599
307,Towne-Nikolaus,16162 Paget Pass,904094
308,Kertzmann and Sons,27152 Oakridge Alley,732298
309,Sawayn Group,6 Dwight Avenue,808141
310,"Pacocha, Breitenberg and Cummings",25 Elka Parkway,204568
311,Bins-Macejkovic,90398 Roth Parkway,229909
312,Swaniawski LLC,608 Maywood Junction,174133
313,"Schroeder, Abshire and Schaefer",32 2nd Park,816126
314,Carter LLC,068 Rutledge Pass,80378
315,"Herzog, Hintz and Hamill",00081 Union Court,193901
316,Luettgen-Ernser,98 Cardinal Pass,214661
317,Schamberger Inc,38626 Elka Drive,332858
318,Waters Inc,0 Coleman Lane,560007
319,Maggio Inc,90 Fordem Park,772731
320,"Weissnat, Ratke and Will",21 Morningstar Drive,903175
321,Reichert and Sons,539 Raven Place,511550
322,Hyatt LLC,15 Grim Center,744426
323,Wisozk-Spencer,7 Holmberg Court,472612
324,Terry-Gleason,04 John Wall Alley,694382
325,"Buckridge, Goyette and Littel",82828 Waubesa Center,100148
326,"Dietrich, Runolfsson and Moen",247 Buell Way,390145
327,Mertz LLC,4 Oriole Parkway,934371
328,"Maggio, Pagac and Rau",6 Blackbird Court,39626
329,"Rogahn, Gorczany and Padberg",0 Bartelt Park,847914
330,Barrows-Cormier,72 Hooker Way,478282
331,Will-Powlowski,3 Spaight Road,650498
332,"Crist, Ondricka and Watsica",2 Jenifer Lane,188955
333,Mante and Sons,3 Fallview Trail,988942
334,Bauch-Bednar,86442 Fairfield Hill,145199
335,Boyle LLC,68447 Division Park,497923
336,Hyatt-Frami,644 Spaight Lane,867543
337,Wiegand LLC,98 Moose Lane,521171
338,Blick-Block,80689 Acker Way,761211
339,Stokes-Pagac,62 Vermont Parkway,775068
340,"Volkman, Christiansen and Price",2 Dunning Court,126467
341,"Schroeder, Gerhold and Turner",51784 Miller Pass,527555
342,Kuhic Inc,739 Anzinger Road,783078
343,"Willms, Wintheiser and Cole",41 Moland Hill,147427
344,"Kris, Stoltenberg and Wunsch",20594 New Castle Hill,670767
345,"Lockman, Nader and Windler",905 Golf Course Alley,930354
346,Kihn Group,9482 Memorial Circle,321341
347,"Pfannerstill, Nader and Borer",69 Daystar Junction,275681
348,Rath Group,4388 Talisman Hill,530850
349,"Senger, Wiegand and Brakus",3 Eggendart Circle,36713
350,"Marvin, Simonis and Kautzer",88885 Dexter Drive,942224
351,Cartwright-Wintheiser,0911 Texas Point,724075
352,DuBuque LLC,5894 Pond Court,816162
353,"Feil, Rowe and Kerluke",31 Charing Cross Alley,694221
354,Barton LLC,78028 Hollow Ridge Place,435297
355,"Pagac, Reichel and Grady",14605 Dryden Crossing,358011
356,"O'Connell, Franecki and Bode",465 Moland Avenue,545625
357,Tromp Group,48 Hovde Lane,328136
358,Hessel Inc,08 Eastlawn Way,636209
359,"Klocko, Walsh and Wolf",28824 Dayton Junction,972571
360,Boehm LLC,44226 Scoville Road,194102
361,Volkman-Heidenreich,23 Northland Trail,136431
362,Littel-Christiansen,1 Pankratz Hill,865276
363,Torphy-Zieme,64752 Valley Edge Circle,980385
364,Breitenberg and Sons,017 Debs Street,280681
365,Walter LLC,8 Eliot Trail,148134
366,Koss-Shanahan,37654 Eliot Place,576280
367,"Donnelly, Nader and Koch",05 Maple Wood Pass,991350
368,Pollich-Eichmann,6636 Loomis Center,249443
369,Smitham and Sons,6 Gerald Street,992533
370,Will-Prosacco,60 Village Green Terrace,204274
371,McCullough-Roob,4113 Maywood Place,767030
372,Halvorson-Pfannerstill,6 Anthes Road,911796
373,Marvin Group,40 Sullivan Place,887305
374,Heathcote-Hegmann,952 Brown Drive,721964
375,Grant Inc,194 Pleasure Alley,751662
376,Pouros-Mraz,963 Union Parkway,214027
377,Mante-Daugherty,3300 Oxford Lane,278133
378,Abshire Inc,39570 Fremont Crossing,720687
379,Dibbert-Schiller,46275 Arizona Hill,157949
380,Veum-Sporer,2 Transport Circle,957186
381,"Watsica, Kirlin and Schmidt",5 Londonderry Road,82211
382,Mayer and Sons,2405 Kinsman Lane,653889
383,Hyatt-Cruickshank,565 Hayes Way,65209
384,Christiansen Group,11409 Shasta Court,41295
385,"O'Kon, Walsh and Hagenes",1 Logan Parkway,96472
386,"Wintheiser, Schulist and Roberts",93 Lyons Junction,650433
387,Douglas-O'Hara,63920 Spaight Pass,62874
388,"Farrell, Hintz and Hand",9 Park Meadow Junction,757062
389,Bogan-Rohan,7896 Maryland Place,452502
390,Windler LLC,26 Monica Terrace,762058
391,"Douglas, Heaney and Balistreri",792 Artisan Center,205679
392,"Medhurst, Heidenreich and Brakus",50330 Bunting Plaza,317089
393,Hoeger Inc,2224 Sutteridge Trail,702701
394,Connelly-Kertzmann,16151 Killdeer Way,445710
395,O'Hara and Sons,89365 Springs Street,259594
396,Fisher-Schmitt,4 Warbler Point,324199
397,"Sauer, Hilpert and Lubowitz",97364 Prairieview Court,700681
398,"Johns, Cormier and Spinka",86447 Springview Drive,942085
399,Parisian-Streich,8191 Sutteridge Way,405344
400,Hammes Inc,71 Lien Park,730579
401,"Labadie, Rutherford and Muller",8469 Pepper Wood Avenue,172456
402,"Spencer, Funk and Hermann",348 Ronald Regan Street,521819
403,Dickinson-Rath,12 Everett Junction,372656
404,Maggio-Kertzmann,95398 Buena Vista Place,859535
405,Dietrich Inc,346 Carpenter Circle,574859
406,Sporer LLC,11564 6th Road,540223
407,Schmitt-Romaguera,8682 Service Crossing,276023
408,"Morissette, Dickinson and Ruecker",96 Anzinger Point,881575
409,"Frami, Rolfson and Feeney",1319 Independence Alley,670792
410,"Feil, Ebert and D'Amore",88 Morrow Alley,476599
411,Anderson Inc,148 Laurel Point,99662
412,Herman and Sons,6763 Mesta Crossing,453673
413,Borer-Waters,6711 Bashford Alley,819555
414,Kuvalis Group,7 Jenna Court,897042
415,"Casper, Ortiz and Bednar",7337 Clarendon Court,494626
416,"King, Hahn and Bradtke",00 Loftsgordon Road,259606
417,"Stracke, Zulauf and Dibbert",91 Saint Paul Center,435836
418,Windler Inc,750 Oak Valley Street,751485
419,Kuhn-Lebsack,7 Riverside Circle,437252
420,Bergstrom and Sons,37 Prentice Parkway,287025
421,Sanford-Cormier,7 Larry Hill,949465
422,Ritchie-Bechtelar,864 Monica Crossing,936565
423,Abbott-Schimmel,22 Loomis Place,738708
424,"Heaney, Zboncak and Gleichner",9 Prairieview Avenue,46398
425,Funk Group,8 Mitchell Point,591402
426,Huels LLC,837 Dawn Circle,358818
427,Runolfsdottir-Lynch,0888 Comanche Lane,711365
428,"Rempel, Nicolas and Jerde",4 Monument Alley,879128
429,Halvorson Group,14 East Trail,808540
430,"Walter, Altenwerth and Bernier",05381 Valley Edge Circle,29493
431,"Kassulke, Greenholt and Howe",0242 Garrison Drive,152479
432,"Haley, Glover and Zemlak",07 Lake View Drive,144683
433,Greenfelder and Sons,5615 Homewood Hill,453351
434,Volkman-Tromp,9 3rd Court,73556
435,Jacobson LLC,4 Comanche Junction,261198
436,Schroeder and Sons,38 Stone Corner Center,565135
437,Reichert and Sons,214 Ridgeway Lane,693946
438,"Veum, Schinner and Stehr",2 Golf View Trail,800198
439,Gutmann LLC,3942 Waywood Point,514169
440,"Kuhlman, Runte and Price",86 Village Green Pass,620287
441,Goodwin and Sons,1 Fairview Avenue,548459
442,Moen-Langworth,35126 Fisk Parkway,285642
443,Nader-Mann,4259 Schurz Park,627781
444,Beatty and Sons,036 Vernon Lane,795687
445,"Mitchell, Bailey and Reichel",41 Twin Pines Parkway,191553
446,"Hodkiewicz, Simonis and Schultz",148 Marcy Parkway,527405
447,Swaniawski-Gibson,87 Petterle Center,361577
448,"Sporer, Mitchell and Bogan",52 Gale Point,510814
449,Reynolds-Collier,43 Brown Junction,396951
450,McKenzie-Swift,7 Straubel Place,573843
451,"Moore, Pfannerstill and Stehr",614 Fairview Trail,34517
452,Durgan-Muller,1225 Helena Point,893247
453,"Russel, Schumm and Corkery",2 Kinsman Plaza,361735
454,"Hickle, Donnelly and Crist",691 Dryden Road,23240
455,Farrell-Hagenes,3928 Weeping Birch Point,493634
456,Hermann Group,4443 Superior Point,397845
457,"Stroman, Goodwin and O'Connell",67 Reinke Point,534416
458,Wehner-Schaefer,135 Talmadge Circle,154994
459,Brekke-Kling,3 Kennedy Parkway,28984
460,Bergnaum LLC,934 Gina Park,583849
461,Nikolaus-Bradtke,3 Beilfuss Avenue,820746
462,Simonis Group,762 Bonner Court,362908
463,Brekke Group,985 Dahle Court,438909
464,Bernhard-Kilback,2698 Chinook Court,446051
465,"Murazik, Balistreri and Stokes",89 Washington Trail,50936
466,Emard-Beier,6571 Rockefeller Parkway,792068
467,"Friesen, Stark and Dickinson",46 Oak Valley Court,371710
468,"Marks, Howell and Watsica",0 Havey Circle,314776
469,"Kris, Dare and Konopelski",95 Raven Avenue,523558
470,Hand-Howe,2 Service Circle,613579
471,"Daniel, Barton and MacGyver",435 Hollow Ridge Crossing,940077
472,Hilpert-Lindgren,851 Acker Circle,940009
473,Farrell-Smith,1634 Westport Hill,955412
474,Kling-Abernathy,5504 Vahlen Crossing,519018
475,Oberbrunner Inc,97545 Fairfield Drive,483384
476,Eichmann LLC,3082 Mendota Lane,155948
477,Shanahan Group,86301 Helena Alley,210754
478,"Kautzer, Leuschke and Lockman",03559 Nova Lane,777364
479,Sporer Inc,41 Bultman Hill,963666
480,"Hermann, Borer and Leannon",9031 Bartillon Trail,138310
481,"Rolfson, Koelpin and Flatley",86486 Vera Way,66881
482,Wiza-Daugherty,3119 Fremont Plaza,603529
483,"Erdman, Pacocha and Beahan",6 Banding Way,639676
484,Rohan-White,81 Mifflin Center,387453
485,"Schiller, Muller and Moore",5 Red Cloud Avenue,66354
486,Corwin Group,8837 Farmco Alley,119405
487,Altenwerth-Franecki,57 Graedel Street,17150
488,"Rutherford, Homenick and Lemke",99 Schurz Lane,453217
489,"Graham, Bergstrom and Greenholt",2 Carey Avenue,447736
490,Grimes and Sons,90440 Menomonie Court,300480
491,"Kuhn, Toy and Corkery",0260 Pennsylvania Junction,259315
492,Gulgowski-Dach,46 Debra Street,511280
493,Pagac Inc,544 Rusk Center,432045
494,Cruickshank Group,4 Westend Parkway,783115
495,"Berge, Fritsch and Olson",0820 Oakridge Center,210157
496,"Paucek, Little and Brekke",1512 Gale Junction,624978
497,"Ledner, Luettgen and Effertz",426 Donald Junction,404723
498,Zboncak Inc,36799 Westridge Road,647252
499,Hermiston-Hagenes,3 Chinook Alley,154636
500,Emard-Rath,5808 Graceland Hill,464772
501,Sawayn-Carter,4577 Truax Junction,316241
502,Grady LLC,8010 Knutson Road,434874
503,Waters Inc,044 Morning Plaza,104352
504,Green and Sons,9083 Dakota Terrace,201166
505,"Huel, Simonis and Bernhard",9246 Pleasure Trail,241201
506,Howell-Zieme,7 Pepper Wood Lane,170538
507,"Friesen, Hermiston and Franecki",810 Sauthoff Plaza,602118
508,Considine LLC,8385 Transport Court,20594
509,Hagenes-Satterfield,923 Talmadge Way,928968
510,Kub LLC,38675 Elka Avenue,463485
511,Nikolaus-Ankunding,402 Kenwood Way,103870
512,"Powlowski, Borer and Weissnat",89 Eastlawn Alley,817796
513,"Klocko, Christiansen and Jacobi",87 Dryden Trail,245073
514,Parker Inc,2 Grasskamp Circle,477538
515,"Hodkiewicz, Rosenbaum and Considine",5 Mandrake Crossing,441555
516,"Stark, Muller and Heaney",07 Sundown Park,295159
517,Pfannerstill-Rippin,0 Trailsway Parkway,232931
518,"Bartoletti, Dach and Kunde",51 Arapahoe Junction,591518
519,"Lind, Sawayn and Rutherford",34817 Declaration Crossing,720065
520,Ritchie-Zieme,0 Birchwood Crossing,543454
521,"Lebsack, Kuhn and Buckridge",14 Prairieview Hill,590027
522,O'Conner LLC,73 Kim Place,109465
523,"Mayert, Casper and Little",56555 Surrey Terrace,362253
524,Waters and Sons,31136 Spaight Park,505014
525,"Barton, Connelly and McCullough",534 Fairview Trail,907802
526,Howe-Terry,64 Del Sol Circle,769652
527,Cummings-Altenwerth,07870 Porter Drive,416115
528,Pacocha-O'Hara,21 Burrows Point,129193
529,Langosh Group,3624 Loomis Court,730082
530,Cormier and Sons,57 Sycamore Parkway,245407
531,Wintheiser Inc,9 Roth Hill,731901
532,Sporer Inc,35393 Tennyson Drive,599564
533,Glover Group,82 Barby Avenue,838398
534,Towne-Hane,07 Shopko Court,940968
535,"Rice, Schulist and Hudson",006 Lakewood Gardens Trail,927583
536,Bashirian-Bahringer,96 Rutledge Parkway,622198
537,"O'Connell, Cole and Ward",111 Banding Hill,702722
538,"Gerlach, Baumbach and Goldner",461 Duke Avenue,596227
539,Schoen-Senger,7 Novick Parkway,464895
540,Hegmann-Kutch,0 Florence Drive,844533
541,"Bartoletti, Sporer and Dare",500 Rockefeller Drive,774354
542,Huel and Sons,45283 Caliangt Street,205520
543,Emmerich LLC,37374 Warrior Point,792694
544,Fay-Leuschke,1 West Trail,796279
545,Brown-Mueller,37 Katie Lane,32976
546,Pollich-Rempel,8561 Delaware Lane,78030
547,"Nitzsche, Kertzmann and Hagenes",99 Mesta Park,978197
548,Nader-Mohr,543 Lotheville Trail,879266
549,Cartwright-Schneider,7 Forster Crossing,544034
550,Streich-Feest,03 Darwin Lane,492529
551,Windler-Reinger,6056 Bartelt Court,400382
552,Bruen-Kozey,5941 Graedel Trail,764142
553,Schmidt-Altenwerth,04 Memorial Street,851945
554,"Paucek, Auer and Quitzon",84 Toban Point,412887
555,"Jones, Gaylord and Hermann",462 Bobwhite Place,623232
556,Oberbrunner and Sons,59717 Springview Circle,348139
557,"Kuvalis, Rutherford and Hintz",2034 Rockefeller Hill,621684
558,Bartoletti Inc,6546 Doe Crossing Road,232084
559,"Glover, Johns and Grimes",7 Eastlawn Court,913874
560,Ziemann-Heidenreich,037 Clarendon Lane,26812
561,Balistreri-Lang,91 Donald Plaza,201307
562,Schmitt and Sons,1 Dapin Plaza,653248
563,Rippin Inc,961 Kropf Point,397224
564,Cummings-Hills,18435 Fuller Center,416736
565,Frami LLC,8149 Vidon Center,83635
566,"Kunze, Casper and Beer",8 Clarendon Terrace,376928
567,Thiel-Kuhic,82911 Warner Park,527314
568,Klocko-Cormier,1365 School Plaza,333788
569,"Gulgowski, Hartmann and Streich",56330 Oxford Lane,667698
570,"Moen, Beatty and Padberg",2202 Hanover Junction,20204
571,Bednar Inc,36293 Drewry Junction,914012
572,Kunde and Sons,4454 3rd Crossing,166329
573,Durgan-Gottlieb,59 Sunfield Road,580656
574,Greenholt Group,3 Independence Hill,156118
575,"Crona, McCullough and Stokes",9 John Wall Pass,381390
576,Boyle Group,2 Packers Plaza,880387
577,"Aufderhar, Davis and Medhurst",1 Park Meadow Park,669600
578,Goodwin and Sons,97 Cody Park,267360
579,"Monahan, Heidenreich and Boehm",5370 Shopko Court,846489
580,Stiedemann Inc,97623 Twin Pines Trail,780780
581,Effertz-Lehner,7181 David Street,922921
582,Leuschke Inc,8861 Fair Oaks Junction,871937
583,Jerde-Pagac,7 Novick Circle,145164
584,Boyer-Littel,900 Mccormick Avenue,663501
585,"Keebler, Jacobs and Braun",8683 Lyons Point,457963
586,Herman and Sons,3577 Golf Circle,696991
587,"Hand, Rodriguez and Kunde",97617 Chinook Trail,507212
588,Abernathy Group,24 Orin Alley,20264
589,Hudson-Cruickshank,84066 Mifflin Trail,469418
590,Streich Inc,98290 Mayfield Junction,671499
591,Rolfson Group,58 Utah Parkway,543678
592,Torphy LLC,16 Ryan Point,242656
593,"Quigley, Jast and Sporer",803 Scott Crossing,701329
594,"Schmeler, Streich and Goldner",767 North Place,532529
595,Satterfield-Wyman,06472 American Ash Way,902252
596,Shields-Tillman,53335 Sauthoff Pass,330168
597,MacGyver and Sons,1698 Bartelt Crossing,359640
598,"Abernathy, Hamill and Jerde",78 Hauk Parkway,768104
599,Jast and Sons,38 Hollow Ridge Junction,942011
600,Gaylord Group,5 Veith Court,85696
601,Dietrich Group,3357 Melby Hill,804086
602,Kuhn-Graham,05438 Graedel Park,246805
603,"Gulgowski, Boyer and Koelpin",028 Pleasure Crossing,732589
604,"Mosciski, Grant and Boyle",47660 Hooker Junction,615290
605,Romaguera Inc,19 Cambridge Place,536723
606,"Johnston, Kemmer and Leannon",96 Annamark Pass,178017
607,"Wilderman, Rippin and Kautzer",46311 High Crossing Junction,117111
608,Gibson-Green,86069 Clyde Gallagher Trail,194264
609,Waelchi-Oberbrunner,59258 Comanche Avenue,540486
610,Rohan-Huel,427 Springview Pass,300523
611,Nitzsche LLC,0 Victoria Plaza,432989
612,Goldner-Bogan,0 Cherokee Way,106105
613,Schroeder-Cormier,8 Di Loreto Terrace,250164
614,Orn Group,770 Rieder Drive,312635
615,Greenholt Inc,330 Atwood Parkway,444283
616,Cormier-Mann,20 Pleasure Alley,77314
617,Braun-Mertz,2978 Longview Avenue,364054
618,"Powlowski, Abshire and Jenkins",8315 Oxford Crossing,607645
619,Lockman-Rice,4 Lighthouse Bay Point,978057
620,Waelchi Group,158 Fuller Court,887337
621,White Inc,60521 Mitchell Hill,99346
622,Bernier-Metz,541 Kedzie Crossing,745199
623,Macejkovic-Satterfield,988 Commercial Park,70568
624,Wisoky-Upton,918 Carioca Place,613859
625,Moen and Sons,078 Elmside Road,70457
626,Powlowski Inc,8635 Chinook Circle,523396
627,"Hayes, Conroy and Hudson",77723 Loftsgordon Place,550078
628,Schuster-MacGyver,1089 Truax Pass,477880
629,"Abernathy, Schoen and Ward",91378 Lerdahl Place,776409
630,Stracke-Rowe,5 La Follette Court,236049
631,"Frami, Kozey and Stiedemann",12518 Talisman Place,24044
632,Littel Group,217 Arkansas Pass,811410
633,Kunze LLC,420 Lawn Terrace,963353
634,Koss-Hickle,091 Lukken Circle,917972
635,Gerlach-Franecki,44143 Algoma Park,458408
636,"Hettinger, Langosh and Weimann",7 Lotheville Alley,907373
637,Lebsack-Rogahn,750 Packers Place,405501
638,Koelpin-Murray,6 Fairview Court,646019
639,Braun Inc,14 Hanover Point,850775
640,Wehner-Powlowski,1868 Northland Lane,178895
641,"Hammes, Shields and Hettinger",3952 Straubel Avenue,734287
642,Grant-Zemlak,96731 Helena Court,416302
643,Hartmann-Powlowski,73 Manley Court,308375
644,Yundt and Sons,68 Brentwood Parkway,221716
645,Armstrong Group,19 Loeprich Center,631919
646,"Wiegand, Schneider and Armstrong",38069 Hanson Road,400143
647,Huels Inc,9011 Cody Pass,390664
648,Rowe Inc,64933 Bartillon Court,709586
649,Borer LLC,4 Carpenter Lane,575228
650,Schulist Group,97768 Crest Line Drive,477980
651,Connelly Group,7 Lerdahl Terrace,357746
652,Stokes-Shanahan,5390 Carey Trail,408608
653,Schamberger LLC,3 Prairieview Terrace,560654
654,Batz-Kulas,03975 Calypso Trail,373651
655,Zulauf LLC,57807 Glendale Crossing,312365
656,Bailey-Jacobi,5769 Logan Junction,543699
657,"Johns, Predovic and Homenick",1489 Hoepker Terrace,192070
658,Durgan-Feest,903 Surrey Avenue,130963
659,Barrows LLC,2783 Pepper Wood Point,99244
660,"Olson, Boyer and Rohan",48731 Mesta Plaza,353632
661,Crooks-Nolan,7 Kedzie Hill,356618
662,Quigley-Prohaska,11 Alpine Drive,41862
663,Balistreri-Waters,28 Tennyson Terrace,399999
664,"Corkery, Stanton and Leffler",288 Drewry Crossing,635341
665,Murray-Dicki,83 Montana Plaza,485465
666,"Bode, Schinner and Volkman",0639 Dexter Plaza,309267
667,Mueller-Langworth,0926 Vidon Lane,778041
668,"Quigley, Cronin and Johns",3944 Moulton Court,399965
669,"Johnson, Dach and Abbott",0 Brentwood Crossing,127463
670,Bruen-Bogisich,86640 Forest Drive,431175
671,"Lueilwitz, Haag and Kuvalis",238 Mcguire Way,35808
672,Bogisich Group,5 Laurel Alley,104073
673,"Gulgowski, Larson and Conn",8 La Follette Court,868666
674,"Hodkiewicz, Lakin and Marquardt",87073 Golf Course Pass,732512
675,Stiedemann Group,82000 Kipling Court,977931
676,Kris Group,33278 Continental Lane,353672
677,Wiegand-Jerde,58597 Sommers Terrace,451397
678,Sauer Inc,268 Corben Way,522639
679,"Altenwerth, Kiehn and Murphy",47 Weeping Birch Alley,426444
680,Lind-Mante,52613 Colorado Trail,518888
681,"Douglas, Beatty and Lehner",16265 Westend Center,911859
682,Roob-Lynch,0 Daystar Hill,648573
683,Johnson-Emard,20 Holy Cross Point,614103
684,McKenzie-Rippin,86900 Crowley Trail,943274
685,"Hettinger, Walter and Runolfsdottir",39 Morrow Road,328035
686,"Graham, Nikolaus and Stehr",4903 Kinsman Parkway,35716
687,Predovic and Sons,87 Starling Pass,469237
688,Kautzer-Douglas,97 Morning Plaza,48856
689,"O'Hara, Veum and Halvorson",11405 Continental Lane,767114
690,"Wintheiser, Dickens and Koch",7 Forest Avenue,306304
691,Marks-Cremin,8502 Myrtle Center,329813
692,Smitham LLC,60343 Clemons Lane,758575
693,"Paucek, Turcotte and O'Keefe",49 Mallard Park,102809
694,Schimmel-Lesch,8 Esker Crossing,643037
695,Lesch-Boyle,17749 Pepper Wood Avenue,995768
696,"Greenfelder, Kautzer and Swaniawski",166 Dwight Drive,600191
697,Wunsch-Spinka,4 Little Fleur Crossing,335879
698,"Ruecker, Dickinson and Braun",08606 Old Gate Junction,123416
699,"Rice, Powlowski and Nader",070 Dakota Pass,950047
700,Feeney Group,3043 Fisk Court,60323
701,Cummerata Inc,4 Coolidge Lane,739367
702,Maggio-Hackett,8112 Sugar Crossing,310981
703,Muller-Haley,846 Glendale Lane,760201
704,"Rodriguez, Mertz and Bode",52617 Debra Way,113956
705,Dicki and Sons,522 Moulton Court,901473
706,Bogisich-Walker,60680 Lerdahl Point,386551
707,Metz and Sons,47140 Namekagon Drive,758263
708,Hahn-Rempel,99 Michigan Parkway,880776
709,"Hoeger, Kuhic and Macejkovic",7945 Dottie Drive,637984
710,Stehr and Sons,0 Burning Wood Pass,313354
711,O'Connell-Eichmann,5 Grasskamp Terrace,506942
712,"Stanton, Nitzsche and Kuphal",935 Lakewood Gardens Street,664793
713,"Hermann, Schmeler and Heller",044 Blue Bill Park Point,715704
714,Jenkins-Weber,3738 Village Green Street,460317
715,Wisozk Inc,14124 Blackbird Center,375557
716,Leannon Group,4 Maple Way,953196
717,"Gerhold, Gulgowski and Crist",8334 Maple Wood Street,906115
718,Considine-Hansen,56766 Moland Terrace,588374
719,Schaefer-Ritchie,2 Grayhawk Plaza,695462
720,Schinner-West,07589 Grover Way,995943
721,Pfannerstill-Heathcote,5843 Bluejay Trail,634595
722,Mayert-Kuvalis,3 Veith Crossing,966930
723,Renner-Goldner,35 Helena Avenue,555566
724,Waters LLC,4 Welch Plaza,614776
725,"Champlin, Weimann and Cormier",86 Jenna Circle,322684
726,Bradtke Inc,9 Knutson Plaza,393914
727,D'Amore Group,33754 Kennedy Avenue,200586
728,"Boyer, Boehm and Littel",018 Norway Maple Place,92840
729,Bayer-Schimmel,717 Parkside Alley,183146
730,O'Kon LLC,17 1st Trail,592346
731,Shanahan and Sons,5 Ridgeway Court,58374
732,Ratke-Crist,17 Loftsgordon Parkway,702099
733,Hegmann LLC,427 Onsgard Alley,272917
734,Bartoletti-King,83 Anderson Drive,960203
735,"Sporer, Fay and Von",7 Vernon Place,105979
736,"Wolf, Dach and Luettgen",0794 Forest Dale Point,352326
737,Vandervort and Sons,0 Kingsford Junction,682545
738,Wintheiser-Weissnat,87 Waywood Drive,548632
739,Heller Inc,364 Westport Drive,456248
740,Abbott-Wuckert,921 Prentice Drive,657216
741,Berge LLC,62 Eggendart Alley,98319
742,King LLC,7 Golf Point,944610
743,Emmerich-Mohr,24 Monument Lane,284630
744,Huel and Sons,76139 Kensington Place,204048
745,"Walsh, Shields and Lesch",161 Knutson Court,873201
746,"Morissette, Gislason and Will",91 Kropf Alley,36475
747,Hartmann-Abbott,6350 Dexter Crossing,350252
748,Kautzer LLC,390 Ronald Regan Lane,418954
749,"Skiles, Strosin and Schultz",0 Elgar Drive,129147
750,Eichmann and Sons,13530 Anthes Road,165715
751,"Welch, Schuppe and Spinka",8311 Granby Circle,929548
752,Collins Group,6244 Mosinee Court,579852
753,Tremblay and Sons,2723 Redwing Terrace,822329
754,"Witting, O'Reilly and Hagenes",7542 East Parkway,559148
755,"Grady, Gleichner and Emmerich",04 Elka Crossing,785955
756,Wisozk-Bednar,06 Rutledge Drive,355927
757,Marquardt-Mueller,4571 Paget Terrace,241179
758,"Stoltenberg, Schuppe and Kassulke",00 Straubel Court,752058
759,Sauer-Kohler,64 Southridge Parkway,707995
760,Nicolas Inc,212 La Follette Alley,743890
761,Wintheiser and Sons,584 Blue Bill Park Trail,950906
762,Marvin-Hartmann,65739 Bluestem Park,953975
763,Rath LLC,7769 Drewry Circle,102946
764,Lehner-Harris,7672 Fuller Crossing,477848
765,Dooley and Sons,29 Bay Point,452202
766,"Huels, Mayert and Koelpin",64 Tony Trail,413114
767,"Ritchie, Kirlin and Spencer",19168 Forest Dale Point,839202
768,Schmitt Inc,1280 Cardinal Trail,756663
769,"Grimes, Rutherford and Cummerata",50 Mcguire Center,54359
770,Price Inc,16886 Barby Avenue,252174
771,Marquardt-Hansen,4429 Helena Trail,124931
772,Veum-Donnelly,945 Scoville Alley,880990
773,"Wuckert, Labadie and Lowe",93730 Trailsway Road,588465
774,Sanford LLC,76 Moulton Pass,606011
775,"Hartmann, Smith and Dare",243 Lawn Road,128979
776,"Rippin, Gislason and Cronin",69 Reinke Plaza,627460
777,Kertzmann-Rodriguez,62 Crowley Pass,213289
778,"Conn, Simonis and Flatley",852 Gerald Terrace,618267
779,Kovacek Inc,526 Muir Crossing,629979
780,Ankunding Group,42 Hudson Park,145031
781,Hartmann-Friesen,39568 Scoville Lane,126960
782,Kunze Group,6592 Clarendon Pass,520115
783,"Grant, Schowalter and Deckow",33 Macpherson Parkway,627303
784,Hagenes-Lang,92 Vernon Center,752908
785,Kub-Glover,3 Transport Trail,821059
786,Kozey and Sons,82 Twin Pines Way,343051
787,Rempel Inc,87548 Westport Parkway,734691
788,"Schroeder, Halvorson and Hilpert",123 Oakridge Pass,77267
789,"Crist, Langosh and Pouros",50 Bellgrove Alley,384944
790,"Mitchell, Koss and Haley",06033 Eastlawn Way,431646
791,"Bechtelar, Koepp and Kunde",3371 Burning Wood Parkway,588839
792,Labadie-Nitzsche,7836 Pawling Park,490944
793,Pagac Inc,29 Carpenter Crossing,237684
794,Will-Waelchi,786 Old Gate Parkway,705126
795,"Cronin, McLaughlin and MacGyver",7758 Fremont Drive,701871
796,Witting-Johnston,059 Brown Court,85985
797,Berge and Sons,1539 Reindahl Park,130642
798,Cummerata and Sons,5243 John Wall Drive,330629
799,Herman-Mohr,9968 Steensland Drive,738425
800,Hansen-Pfeffer,66350 Cottonwood Crossing,845031
801,Goldner LLC,02 Meadow Vale Circle,548447
802,"Quigley, Goldner and Breitenberg",30 Melrose Way,475969
803,Koepp-Halvorson,62 Swallow Alley,439460
804,"Shanahan, Sauer and Botsford",577 Gerald Drive,339253
805,Tromp Inc,36417 Northport Point,682793
806,Mills Inc,98824 Forest Circle,76602
807,Abshire Group,4358 Susan Crossing,884371
808,"Howell, Mohr and Goyette",5 Evergreen Point,183763
809,"Keebler, Flatley and Stracke",80193 Bluestem Circle,461043
810,"Bergstrom, Monahan and Casper",47060 Arrowood Street,347351
811,Casper Group,9 Waywood Lane,997428
812,"Ryan, Abernathy and Runolfsdottir",0277 Summit Trail,57958
813,"Sauer, Sawayn and Gerlach",88151 Merchant Junction,265079
814,"Marvin, Sauer and Larson",597 Sullivan Road,987024
815,Mayert-Davis,44601 Golden Leaf Park,657267
816,Von and Sons,9 Acker Street,317251
817,Schneider LLC,89 Carberry Alley,381918
818,"Rodriguez, Will and Hodkiewicz",8 Mitchell Circle,89875
819,Monahan and Sons,83 Nelson Drive,713641
820,Cummerata-Bogisich,570 Jenna Circle,938945
821,"Schowalter, Goldner and Jast",47510 Lawn Place,564361
822,"Spinka, Beatty and Deckow",24 Lakeland Parkway,303300
823,Boyle-Rau,22454 Onsgard Road,909504
824,"Wiza, Upton and Sanford",191 Starling Lane,488015
825,Wisozk and Sons,466 Utah Circle,915271
826,"Feeney, Jacobson and Kunze",8 Norway Maple Road,669151
827,Mraz-Daugherty,150 Tony Parkway,288400
828,Bins and Sons,71024 Crownhardt Street,47004
829,Hartmann-O'Keefe,718 Express Lane,10472
830,Macejkovic-Daugherty,264 Mcguire Drive,518406
831,Cole-Wintheiser,47872 Grim Avenue,182562
832,Kulas-Will,714 Gateway Way,963385
833,"Stroman, Donnelly and Carter",13281 Parkside Alley,30107
834,Spencer-Goyette,7196 Riverside Park,138616
835,"Orn, Harris and Hessel",7 Truax Circle,76303
836,Block-Mills,88 Ryan Avenue,159447
837,"O'Kon, Jones and Wisozk",620 Main Park,371805
838,Price-Kovacek,5049 Coolidge Plaza,49559
839,"Larson, Kassulke and Fritsch",31 Old Shore Parkway,996699
840,Thiel-Torp,38635 Novick Center,955141
841,Breitenberg Group,15407 Lakewood Gardens Drive,413276
842,"Nikolaus, Rempel and Ortiz",4 Badeau Road,659500
843,Schimmel Inc,4574 Park Meadow Park,552317
844,"Wolff, Crooks and Waters",425 Mallory Road,262324
845,Schulist-Leffler,13 John Wall Park,271262
846,Jacobson Inc,08 Northridge Point,822063
847,Crooks LLC,5 Bunting Circle,212520
848,"Schimmel, Kris and O'Kon",2 Melrose Parkway,244384
849,Schmitt and Sons,9 Becker Terrace,35146
850,Parisian-Franecki,093 Northland Hill,447451
851,"Beer, Schmeler and Cronin",7 Pawling Terrace,614483
852,Legros-Abernathy,3 Nelson Hill,259329
853,"Dare, Botsford and Hayes",42 Waywood Park,663121
854,Konopelski-Conn,26 Amoth Point,397465
855,Moen Inc,7 Veith Parkway,731395
856,Spinka-Bartoletti,8302 Barby Lane,576265
857,"Terry, Wintheiser and Borer",6 Prairie Rose Hill,951498
858,"Lynch, Powlowski and Kemmer",98809 Thackeray Court,775976
859,"Prohaska, Torphy and Kling",78 Northland Plaza,799858
860,Green-Botsford,44 Ramsey Drive,192675
861,Bauch and Sons,380 Orin Street,525069
862,Dietrich-Herzog,72 Clove Road,115733
863,"Ward, Hudson and Keeling",21000 Tony Trail,509550
864,Gorczany Inc,4 Mallory Junction,29331
865,Schmeler Group,742 La Follette Place,669737
866,Kuhic-Purdy,6285 Kenwood Terrace,257901
867,Heaney-Schumm,46 New Castle Pass,48235
868,Emard-Romaguera,588 Dennis Pass,450049
869,Schmitt and Sons,6 Graedel Parkway,311112
870,Heidenreich-Quigley,5594 Kedzie Point,340141
871,Reichert LLC,4917 Ludington Place,464387
872,Wisoky Inc,774 Twin Pines Road,940322
873,Jacobson Inc,4 Fallview Hill,685200
874,"Hilpert, Dickinson and Pagac",618 Evergreen Drive,989194
875,Bogisich LLC,84575 Jenna Way,729629
876,Keebler-Hoeger,6 Jackson Drive,522078
877,Hayes Group,101 Di Loreto Drive,891374
878,"Frami, Carroll and Grimes",90346 Eggendart Crossing,836599
879,Terry-Dietrich,0 Moulton Plaza,499417
880,Buckridge-Hansen,4560 Ohio Plaza,936522
881,Welch Inc,0 Gulseth Hill,345967
882,Walsh-Gibson,0382 Tomscot Hill,171338
883,Kilback-Streich,594 Laurel Drive,83601
884,"Dietrich, Gerlach and Roob",20034 Burrows Hill,952538
885,"Greenholt, Carter and Durgan",42 Arrowood Circle,712262
886,Mueller-Torp,9807 Division Lane,311321
887,Schmidt-Eichmann,8939 Twin Pines Plaza,776030
888,Johnson-Bergnaum,37668 Ridgeview Trail,289950
889,"O'Kon, Kiehn and Smith",66536 Mendota Drive,631378
890,"Konopelski, Mante and Sawayn",1 Hallows Center,943544
891,"Gleason, Abshire and Sporer",3 Waxwing Terrace,617019
892,"Orn, Paucek and Borer",91378 Beilfuss Place,755190
893,Hagenes LLC,87126 Sauthoff Terrace,650278
894,Gleason LLC,6 Reinke Drive,310455
895,"Haag, Wyman and Nikolaus",437 Hudson Park,158934
896,"Schultz, Kunde and DuBuque",35946 Eagan Point,338364
897,Schiller and Sons,66266 Daystar Parkway,250250
898,Hyatt Group,9804 Red Cloud Drive,801799
899,Wolff and Sons,2 Burrows Avenue,705162
900,Toy-Zulauf,7713 Little Fleur Place,910875
901,Bashirian-Gaylord,59651 Graceland Drive,34513
902,Hauck-Boyer,3 Division Road,531933
903,Nienow-Goldner,26394 Clemons Parkway,454030
904,Wolff-Kertzmann,02460 Old Gate Junction,380593
905,Brown-Hoeger,02927 Stang Drive,551236
906,Kirlin LLC,7687 Raven Avenue,428211
907,Hoeger-Brakus,6 Schlimgen Park,87464
908,Dickinson Group,2 Declaration Street,664570
909,Hermann-Okuneva,85917 Anderson Alley,570726
910,Kassulke Inc,8 Prairie Rose Junction,778453
911,Monahan Inc,04695 Harbort Street,536600
912,Pollich and Sons,86956 Mariners Cove Crossing,594691
913,Olson-Schoen,55 Delaware Park,289622
914,"Emmerich, Lemke and Jerde",50 Maple Avenue,195677
915,"Klein, Turner and Powlowski",69910 Linden Plaza,936685
916,Fadel-Maggio,7 Barby Park,820864
917,Fisher-Torphy,91 Kennedy Circle,398893
918,"Koelpin, Greenholt and O'Hara",870 Debra Center,606350
919,O'Reilly-O'Keefe,1 Eagan Plaza,468194
920,"Upton, Towne and Konopelski",8 Golden Leaf Alley,841718
921,Bosco-Johns,0 Farragut Way,342654
922,Mayer-Hauck,80 Gale Circle,223112
923,Paucek and Sons,1672 Arapahoe Place,698414
924,Upton-Mohr,78129 Novick Point,89646
925,"Lockman, Glover and Wuckert",24718 Dwight Center,401218
926,Reinger-Schmeler,64 Almo Circle,284214
927,Pagac-Greenfelder,0673 Farwell Parkway,453648
928,Kshlerin Group,580 Tennyson Court,271827
929,Goldner Group,41 3rd Place,199790
930,Koch-Kozey,7020 John Wall Place,870083
931,"Hudson, Considine and Berge",3 Coolidge Lane,599054
932,"Stokes, Lockman and Wyman",10201 Derek Trail,401696
933,Jenkins and Sons,446 Lakeland Court,240205
934,"Kovacek, Schowalter and Gislason",34 Boyd Street,705688
935,Fisher-Rau,04299 Melvin Lane,214713
936,Grimes-Waters,4685 Crownhardt Lane,341772
937,"Cruickshank, Beer and Hartmann",0549 Merrick Junction,774567
938,"Hayes, Grant and Ryan",8112 Arapahoe Pass,980474
939,"Hirthe, Bergnaum and Durgan",53 Norway Maple Circle,493351
940,Cole-Rau,989 Shasta Lane,113420
941,"West, Moen and Moore",01 Kedzie Parkway,761656
942,Larson LLC,112 Canary Crossing,799486
943,MacGyver LLC,2 Spenser Place,830741
944,Aufderhar LLC,9 Basil Drive,759781
945,"Grimes, McKenzie and Batz",16 Schurz Terrace,639257
946,"Miller, Kessler and Breitenberg",34 Stuart Road,340736
947,Windler-Frami,3405 Crowley Alley,272696
948,Murazik Inc,504 Westport Parkway,86225
949,Schmeler-Gislason,4055 East Trail,657885
950,"Donnelly, Tromp and Upton",4371 Emmet Road,461255
951,Fay-Hammes,248 Hansons Parkway,11175
952,Cassin-Stehr,4 Elmside Street,202253
953,Kirlin LLC,60811 Ramsey Lane,927123
954,Shields-Prohaska,477 Waxwing Place,792362
955,Schumm-Stark,065 Buhler Avenue,643446
956,"Kautzer, Bednar and Strosin",9569 Messerschmidt Circle,162408
957,"Kutch, Homenick and Macejkovic",61 Cambridge Crossing,261355
958,Padberg-Eichmann,4 Donald Junction,875828
959,"Wilderman, Powlowski and Wiza",6630 Algoma Plaza,180036
960,"Rowe, Bogan and Moen",74655 Straubel Lane,825283
961,Auer LLC,9 Cordelia Center,27730
962,Mayert-Lynch,7 Evergreen Court,64299
963,"Rice, Nicolas and Pagac",15357 Lighthouse Bay Road,582685
964,"Dach, Gusikowski and Wolff",48914 Heffernan Junction,318241
965,Wehner-Predovic,7 Fairfield Terrace,765301
966,Collins-Block,173 Bashford Trail,37353
967,"Borer, Kris and Wintheiser",77419 Buhler Crossing,411903
968,Abernathy LLC,81 Blaine Court,887980
969,Wuckert Inc,88 Nova Drive,94284
970,Purdy Inc,7937 Hintze Crossing,519894
971,Greenfelder and Sons,2 Lien Street,535780
972,Farrell-Quitzon,0 Nancy Park,237838
973,Reynolds-Littel,77 Armistice Terrace,882485
974,"Blick, Wintheiser and Welch",40699 Marquette Trail,857564
975,Mitchell Inc,59910 Amoth Avenue,177278
976,King LLC,9183 Cody Center,762662
977,Ruecker-Osinski,85 Crowley Plaza,51899
978,"Paucek, Carroll and Walter",13 Schlimgen Way,148562
979,Hirthe and Sons,5676 Logan Plaza,812462
980,"Mertz, Gerlach and Wilderman",00 Fair Oaks Way,731180
981,Mraz-Nolan,38276 Springs Lane,864047
982,Zieme-Kozey,1372 Cascade Court,949618
983,Hudson-Goldner,92 Orin Pass,539793
984,"Russel, Ortiz and Herzog",396 Kinsman Way,627699
985,Macejkovic-O'Kon,50 Mallory Junction,59085
986,Huel Inc,238 Kingsford Terrace,521315
987,"Lebsack, Nicolas and Miller",788 Gina Street,965195
988,"Bruen, Labadie and Prohaska",051 Superior Alley,826407
989,Hoeger and Sons,6 Carey Lane,653190
990,"Beer, Rogahn and Berge",4 Armistice Court,228981
991,Goldner and Sons,2 Trailsway Point,545766
992,Hegmann Inc,5 Loftsgordon Place,468032
993,Stanton Inc,069 Straubel Drive,366597
994,Lowe LLC,73 Sundown Court,953816
995,"Dooley, Vandervort and Goodwin",8428 Lillian Alley,331823
996,"Kuhlman, Stanton and Pouros",476 Bobwhite Point,601952
997,Jacobi Inc,6 Pine View Trail,562339
998,Ferry-Mills,25 Sloan Alley,685100
999,"Nicolas, Mertz and Jacobi",4 Hooker Crossing,707163
1000,"Lueilwitz, Nader and Corwin",86372 Shopko Junction,636408
