curr_id,curr_name,curr_location,curr_destination
256,Rupiah,Indonesia,Brazil
1195,Dollar,United States,Brazil
1496,Euro,France,Niger
470,Yuan Renminbi,China,Russia
1884,Afghani,Afghanistan,China
1491,Peso,Philippines,Lithuania
1105,Krona,Sweden,France
1574,Franc,Burkina Faso,France
592,Sol,Peru,Spain
234,Krone,Norway,Cambodia
727,Quetzal,Guatemala,Poland
94,Real,Brazil,Morocco
1812,Pound,Syria,China
1223,Ruble,Russia,Norway
565,Shilling,Uganda,Iran
241,Rial,Yemen,Ukraine
699,Won,North Korea,Sweden
448,Yen,Japan,China
203,Hryvnia,Ukraine,Chad
131,Boliviano,Bolivia,Serbia
1804,Leone,Sierra Leone,Uganda
1933,Zloty,Poland,Portugal
1314,Baht,Thailand,Indonesia
1636,Denar,Macedonia,China
1349,Colon,Costa Rica,Honduras
1415,Kyat,Myanmar,Russia
1406,Naira,Nigeria,China
1261,Dinar,Libya,Indonesia
864,Litas,Lithuania,China
1561,Lek,Albania,Peru
482,Dirham,Morocco,Brazil
1042,Lev,Bulgaria,Palestinian Territory
917,Kwacha,Zambia,Portugal
1358,Lempira,Honduras,French Polynesia
1983,Koruna,Czech Republic,Antigua and Barbuda
1424,Shekel,Palestinian Territory,Philippines
451,Dong,Vietnam,China
406,Som,Kyrgyzstan,China
1694,Tugrik,Mongolia,China
1943,Bolivar,Venezuela,Brazil
1095,Lari,Georgia,Pakistan
1571,Taka,Bangladesh,China
1324,Pula,Botswana,Nepal
239,Rand,South Africa,China
957,Rupee,Pakistan,Ethiopia
1976,Ringgit,Malaysia,Poland
858,Kuna,Croatia,Philippines
919,Guarani,Paraguay,Nicaragua
960,Cordoba,Nicaragua,Albania
1776,Birr,Ethiopia,Bosnia and Herzegovina
754,Marka,Bosnia and Herzegovina,Uruguay
1363,Forint,Hungary,Indonesia
646,Ariary,Madagascar,Argentina
974,Escudo,Cape Verde,Spain
1156,Manat,Turkmenistan,Russia
436,Gourde,Haiti,China
1709,Dram,Armenia,China
1573,Cedi,Ghana,Colombia
846,Kwanza,Angola,China
1007,Kina,Papua New Guinea,China
1027,Tenge,Kazakhstan,Indonesia
