cus_id,cus_name,cus_address,cus_age,cus_location
128,Sigfried,1 Russell Road,49,China
328,Cully,7241 Melrose Lane,50,Indonesia
928,Fina,319 Maple Pass,73,China
298,Meridith,971 Farragut Street,58,Poland
337,Rutherford,9141 Hansons Court,78,Russia
908,Allsun,91843 Claremont Hill,52,Indonesia
343,Gabby,70067 Armistice Hill,28,Niger
994,Gregoire,1 Bultman Center,77,Mexico
773,Pepito,99 6th Plaza,64,Russia
192,Blanch,23 Johnson Crossing,52,United States
431,Larina,97 Vernon Circle,74,Ukraine
368,Sterling,0 Moulton Plaza,59,Ukraine
584,Jasper,8 Dunning Court,44,Sweden
743,Ty,99 Mariners Cove Junction,30,Estonia
145,Doyle,7 International Terrace,42,China
271,Rowan,4497 Prentice Lane,68,Russia
664,Carissa,0334 Judy Way,42,France
788,Stavro,4 Arrowood Point,57,Indonesia
486,Bryanty,7 Badeau Circle,26,France
222,Vonnie,87 Green Ridge Park,40,China
260,Burgess,17 Oak Valley Parkway,45,Sweden
509,Guss,77 Chive Point,74,Russia
605,Alastair,3575 Mallory Court,54,Colombia
781,Fremont,01176 Cody Trail,47,China
597,Jordain,8958 Tomscot Point,32,China
608,Kara-lynn,00895 Doe Crossing Place,71,Brazil
94,Teddie,71656 Evergreen Place,33,Ukraine
672,Ferdinande,13 Monument Hill,37,Luxembourg
136,Amil,84013 Shopko Hill,44,Indonesia
900,Arvie,2 Thompson Court,53,China
213,Zane,7 Old Gate Circle,67,Philippines
345,Archy,69547 Karstens Trail,74,Belarus
547,Neilla,8 Vera Alley,70,United Kingdom
166,Cchaddie,627 Heath Way,38,Peru
268,Hendrick,1090 John Wall Hill,61,Indonesia
6,Dominique,238 Logan Court,51,Brazil
332,Jamey,952 Buena Vista Trail,37,Czech Republic
598,Ritchie,77 Montana Drive,78,Mozambique
722,Kaiser,288 Express Place,31,Indonesia
401,Ingaborg,43787 Caliangt Point,59,Israel
484,Elset,8 Sommers Parkway,56,United States
720,Michell,66184 Banding Drive,34,Indonesia
272,Darell,536 Gale Parkway,37,Indonesia
710,Cesaro,57763 Summer Ridge Alley,31,Uzbekistan
205,Dell,80227 Fulton Center,35,Oman
643,Norah,09230 Loeprich Street,65,Poland
941,Christian,41529 Eagan Drive,56,Portugal
440,Sargent,17878 Glendale Drive,56,Luxembourg
227,Rabbi,63530 Northview Court,72,Bolivia
973,Tommy,23530 Pond Park,65,Indonesia
309,Jen,1133 Forest Point,33,Cambodia
801,Si,19 Hooker Trail,69,Ethiopia
940,Edan,78 Mitchell Trail,39,Malta
393,Seth,7033 Trailsway Center,65,Spain
614,Kathryne,171 Oakridge Drive,71,Ghana
943,Lanita,0482 Delladonna Pass,73,China
46,Truman,473 Milwaukee Park,58,Bolivia
251,Willie,10673 Fallview Trail,75,Russia
91,Jilli,26188 Anniversary Terrace,40,Indonesia
540,Ernie,435 Golden Leaf Alley,41,Norway
77,Cathi,22348 Granby Court,71,Mexico
389,Hildagard,0026 Fordem Circle,26,China
644,Ivett,9 Birchwood Avenue,30,Vietnam
817,Ilka,889 Arkansas Pass,74,Iran
963,Salomo,861 Kinsman Way,45,China
193,Benedetto,701 Maywood Court,47,Colombia
810,Ulric,42 Sheridan Parkway,38,China
382,Bethanne,7 Karstens Drive,59,Colombia
610,Corliss,71 Mesta Way,70,Czech Republic
716,Marie,32403 Sommers Hill,37,Colombia
974,Lorene,2 Sage Alley,74,Russia
626,Blaine,480 Gina Circle,60,Ireland
822,Sonny,9 Northport Alley,35,Indonesia
846,Collette,7 Melody Alley,75,United States
400,Debra,71598 Logan Parkway,31,China
759,Sisely,73547 Sommers Street,75,Saint Vincent and the Grenadines
545,Byram,52690 Arkansas Circle,36,Peru
181,Leigha,1446 Forest Dale Road,67,Jamaica
834,Adriana,56 Cherokee Alley,69,China
381,Yorker,98 Coolidge Pass,45,Thailand
79,Dukie,10 Forest Dale Drive,57,Bosnia and Herzegovina
285,Indira,41 Trailsway Hill,37,Mexico
699,Willy,92982 Prairie Rose Avenue,55,China
855,Geralda,9 Dexter Drive,75,United States
383,Jacklin,3773 Drewry Street,27,Sweden
581,Roman,56 Forest Dale Junction,29,Indonesia
686,Rosanna,7 Esker Court,31,Philippines
667,Milicent,1 Quincy Court,45,Czech Republic
616,Theodosia,03 Corscot Hill,31,China
307,Abramo,4 Pankratz Avenue,60,China
317,Wendi,633 Main Court,72,Brazil
189,Gena,30887 Bunting Terrace,26,Sweden
903,Kaila,7 Sutherland Center,34,Russia
680,Caresse,8144 Talmadge Road,67,Bulgaria
24,Trudi,43685 Bobwhite Lane,51,Portugal
281,Dela,070 Heath Parkway,57,France
426,Latrina,5 Butterfield Drive,63,China
587,Kamillah,50 Kingsford Avenue,47,Russia
398,Dennie,964 Prentice Place,62,North Korea
634,Buckie,1 Clyde Gallagher Street,32,Pakistan
380,Diena,057 Valley Edge Park,56,Czech Republic
989,Joannes,82 Northview Drive,77,Panama
159,Augie,38008 Warrior Crossing,59,Ukraine
731,Sherline,82059 Esker Hill,63,Japan
388,Chicky,98 Wayridge Terrace,53,Vietnam
252,Amelie,8 Rusk Terrace,25,Sweden
247,Benedetta,07963 Goodland Terrace,70,Indonesia
739,Gwenni,62 Reindahl Street,78,Honduras
90,Zonnya,40 Melby Terrace,51,Russia
44,Osbourn,8082 Sachtjen Pass,57,Russia
206,Layla,53 Merrick Plaza,71,Sweden
762,Genevra,4622 Prairie Rose Pass,26,Andorra
970,Annabell,46614 Granby Center,31,China
856,Ariel,747 Heffernan Place,42,Thailand
552,Bil,104 Hoepker Street,77,United States
858,Bronny,16561 Tennyson Street,43,China
778,Amber,80778 Knutson Point,66,Indonesia
185,Fritz,57 Maywood Road,60,Indonesia
466,Wendye,53 Moland Place,69,France
742,Mandie,37225 Park Meadow Court,72,Portugal
115,Jillian,6 Shasta Junction,63,Indonesia
622,Leontyne,7 Drewry Point,55,Indonesia
234,Orelee,20 Meadow Vale Way,68,China
335,Abbe,2203 Old Shore Place,42,Azerbaijan
795,Jacenta,08 Mayer Place,64,Indonesia
386,Malachi,44751 Kim Junction,74,Czech Republic
465,Stefa,5452 Bay Center,39,Poland
350,Trista,1176 Cambridge Park,36,Russia
631,Maurice,73 Nevada Drive,77,France
203,Aleen,7 Washington Road,38,Brazil
68,Petrina,8 Blackbird Pass,28,Russia
384,Nelli,30 Elgar Hill,64,China
226,Harriett,843 Morrow Terrace,57,Indonesia
410,Kerry,6 Anhalt Road,59,China
33,Lew,4 Merchant Trail,71,Poland
676,Robinett,421 Sommers Plaza,66,Philippines
639,Cirilo,761 Village Green Avenue,51,Philippines
902,Moreen,445 International Alley,76,China
105,Clarissa,23 Randy Lane,72,Brazil
561,Cass,6097 Spenser Trail,74,China
906,Holli,54 Oriole Plaza,50,Thailand
713,Gilbert,16287 Dennis Avenue,32,Croatia
264,Alvera,18 Welch Road,61,France
748,Karisa,207 Valley Edge Place,52,Sweden
338,Zacharia,1 Briar Crest Park,66,Brazil
838,Neysa,69 Havey Pass,34,France
617,Stacey,7 Leroy Pass,39,Indonesia
879,Alisha,61646 Lyons Center,62,France
926,Nobe,2 Cordelia Park,76,Botswana
52,Dina,14 Tennyson Parkway,31,South Africa
717,Bonita,4367 Grayhawk Center,54,Sweden
3,Felicity,811 Fairview Terrace,53,Sweden
873,Eadie,9 Southridge Street,70,Japan
794,Galven,098 Manley Terrace,41,Russia
920,Javier,30736 Waxwing Pass,60,Portugal
945,Chanda,6 Troy Circle,66,Chile
668,Garner,7 1st Road,29,Thailand
461,Trudy,323 Judy Road,44,Peru
118,Olenka,4 Carpenter Park,29,Nigeria
583,Barbra,03944 International Circle,30,China
719,Rayner,52 Hoepker Drive,47,Russia
119,Josephina,66 Kim Junction,60,United States
981,Nerti,2297 Summit Point,47,Ivory Coast
737,Ford,75 Eastlawn Road,48,Poland
880,Trista,7 Lien Parkway,74,Uzbekistan
333,Lucho,5728 Erie Circle,68,China
980,Holly-anne,1 Anthes Avenue,70,Argentina
580,Ardis,963 Blaine Circle,64,China
356,Barty,9 Erie Avenue,78,Poland
67,Emmaline,94 Ludington Plaza,48,Indonesia
266,Kristi,846 Monica Lane,42,Portugal
121,Carley,0985 Oriole Plaza,70,Russia
366,Adair,6 Sachtjen Pass,50,Philippines
538,Analiese,5432 Fuller Hill,41,China
749,Stern,6646 Lotheville Junction,27,Portugal
110,Zonnya,296 Old Shore Street,66,Russia
32,Emilia,041 Holmberg Junction,57,Philippines
830,Amerigo,1 Anderson Court,30,Portugal
38,Emmy,5898 Delladonna Park,39,France
275,Killie,0 Claremont Junction,45,Canada
796,Almire,166 Summer Ridge Parkway,26,Myanmar
254,Mikael,31699 Riverside Point,64,Philippines
661,Katrinka,4294 Service Alley,38,Russia
769,Jesus,60 Bunker Hill Plaza,53,Sweden
82,Krispin,8 Oxford Parkway,29,France
964,Carrissa,38 Thackeray Plaza,39,Russia
866,Dorrie,966 Stone Corner Terrace,26,Czech Republic
818,Hunt,3987 High Crossing Avenue,70,Indonesia
512,Dewain,95 Waubesa Alley,66,Brazil
480,Shermy,89 Pine View Plaza,68,Indonesia
984,Michaella,95 Melby Way,34,Portugal
212,Lainey,91 Reindahl Trail,28,France
375,Madelena,41206 Pennsylvania Alley,34,China
156,Cynde,25335 Mayfield Street,54,Russia
290,Ludvig,23179 Riverside Court,48,China
392,Ellsworth,4274 Hermina Avenue,67,Russia
483,Hendrika,44444 Cherokee Alley,71,East Timor
340,Shep,627 Anniversary Way,48,Indonesia
257,Olivier,78 Kings Hill,45,Italy
133,Erhard,98732 Westridge Street,44,China
323,Piggy,44 Claremont Junction,75,United States
968,Tammara,5389 Marcy Crossing,77,Ireland
729,Layney,2362 Oakridge Pass,37,Brazil
250,Ralph,1 Fuller Avenue,36,Nigeria
184,Arturo,0162 Division Terrace,60,Ukraine
916,Marsiella,32573 American Ash Park,44,Brazil
896,Dante,4924 Monica Way,60,Iran
527,Aloise,131 Thierer Way,41,Indonesia
5,Yehudit,31765 Veith Park,31,Philippines
327,Juliette,17 Manufacturers Way,65,Brazil
210,Aleta,18709 Mifflin Plaza,30,China
321,Lorraine,207 Grasskamp Lane,52,Philippines
542,Nick,33927 Cottonwood Circle,53,China
318,Barnabe,2 Bellgrove Court,57,Russia
629,Cello,7 Bartillon Crossing,41,Libya
715,Cindelyn,28050 Sauthoff Crossing,52,China
870,Clevie,002 Havey Court,70,China
669,Barde,4 Rutledge Lane,62,Ecuador
609,Odo,04 Forest Alley,28,Tanzania
315,Broddie,672 Texas Alley,35,Honduras
508,Chrisy,018 Del Sol Hill,32,Serbia
70,Lucina,14 Lerdahl Street,47,Indonesia
528,Mariya,679 Colorado Trail,50,China
459,Cathyleen,22003 Graceland Center,69,Sweden
628,Cecil,5762 Loeprich Court,45,France
182,Riki,94 Orin Circle,57,China
775,Townsend,21 Westridge Place,56,China
249,Jonie,73 Scofield Pass,74,Nigeria
506,Sarena,24 Golf Course Avenue,78,Swaziland
259,Normand,3797 Randy Place,49,Czech Republic
543,Ezra,647 High Crossing Crossing,75,China
625,Adi,67232 Independence Plaza,31,China
869,Madeleine,6 Nancy Place,37,Indonesia
832,Hayden,63972 Forest Dale Circle,60,Japan
292,Flo,2 Kings Center,77,China
263,May,9670 Pine View Terrace,53,Canada
681,Mohandis,379 Parkside Trail,59,Estonia
349,Alley,02736 Hansons Point,56,Panama
43,Adrian,9 Susan Alley,47,Brazil
601,Yasmeen,8312 Granby Terrace,33,United States
534,Johny,15 Warner Park,26,France
966,Maridel,14405 Sherman Circle,76,Poland
744,Helaina,9926 Fuller Parkway,48,Indonesia
723,Oran,67 Mosinee Circle,37,China
599,Maren,29092 Delladonna Avenue,69,Sweden
36,Judye,0534 Roxbury Alley,77,Colombia
918,Jeffie,4 Reindahl Road,35,Georgia
294,Adda,00722 American Terrace,67,Mongolia
93,Asia,5950 Ridgeview Hill,53,Ireland
170,Delia,3176 Melby Place,43,Portugal
320,Kyrstin,46446 Westridge Plaza,53,Kazakhstan
306,Lukas,9 Arrowood Terrace,44,Vietnam
784,Brucie,60789 Mandrake Lane,69,Latvia
147,Zacherie,39 Reindahl Parkway,67,China
666,Roddy,7057 Pennsylvania Point,65,Philippines
369,Victor,825 Myrtle Plaza,56,China
132,Nicolais,1 Nova Trail,53,China
387,Jackie,755 Tony Drive,25,Portugal
430,Douglas,99 Lighthouse Bay Alley,61,China
498,Neille,08 Mallory Street,37,Reunion
886,Mamie,44 North Terrace,41,Czech Republic
42,Delphine,9533 Muir Drive,49,China
135,Michell,291 Vidon Pass,64,Mongolia
473,Joly,4 Fair Oaks Center,57,China
507,Preston,3 Sachs Place,68,Colombia
270,Hadria,3 Anzinger Circle,43,Croatia
978,Callida,26777 Maywood Avenue,53,Poland
178,Lidia,74 Ridgeview Center,41,Japan
854,Lanny,6626 Paget Road,41,Japan
555,Briana,0652 Mayfield Point,53,Dominican Republic
217,Addie,56268 Nevada Drive,56,Colombia
114,Augustine,64 Rigney Center,55,Ukraine
378,Minerva,172 Dovetail Trail,63,Argentina
75,Haskel,3 Mallard Street,52,Portugal
642,Teri,7 Toban Parkway,44,Philippines
186,Joaquin,289 Thierer Parkway,25,China
107,Farrel,778 Aberg Point,55,Russia
777,Arlette,7 Eagle Crest Park,78,Russia
860,Meg,17000 Dakota Alley,38,China
472,Lynea,10468 Bultman Center,51,Czech Republic
588,Irma,6528 Mockingbird Hill,30,Portugal
772,Gabbie,65 Quincy Lane,60,Egypt
600,Mercedes,548 Onsgard Place,75,Tajikistan
359,Koenraad,51 Autumn Leaf Alley,52,China
647,Sapphire,8 Michigan Crossing,50,Philippines
470,Vida,5134 Elgar Place,45,China
673,Shem,683 Northport Park,41,United States
319,Lindon,48 Valley Edge Lane,29,Colombia
286,Doralyn,37 Heffernan Center,66,Thailand
564,Ed,2270 Browning Trail,29,Japan
637,Irene,025 Texas Center,35,Thailand
34,Kip,8 Oakridge Drive,28,Peru
367,Miltie,77 Hermina Road,29,Indonesia
478,Woodrow,7734 Pennsylvania Pass,72,Indonesia
546,Uriel,838 Westerfield Crossing,35,South Africa
567,Whitaker,45492 Hayes Road,56,France
123,Peterus,80 Schlimgen Junction,39,Croatia
612,Irvin,8 Quincy Street,44,Poland
404,Kirbee,635 3rd Circle,73,Venezuela
633,Jeffrey,97 3rd Point,52,China
708,Erv,0993 Meadow Valley Parkway,45,Portugal
155,Haley,44177 Anzinger Trail,30,Russia
408,Josefina,0125 Waywood Court,32,China
993,Matthew,9 Fordem Parkway,49,Philippines
589,Reyna,0 Everett Trail,76,Indonesia
447,Korney,31 Springview Pass,72,Indonesia
897,Benita,46 Cherokee Plaza,32,Cuba
78,Drucill,992 Golf Course Court,68,Honduras
64,Lovell,39524 Logan Way,30,Indonesia
859,Llywellyn,8236 Armistice Pass,53,Morocco
162,Stewart,86 Oxford Hill,74,Czech Republic
211,Honoria,21 Wayridge Trail,60,Greece
175,Fleming,83 Susan Hill,58,China
165,Jae,9221 Northland Hill,32,Colombia
127,Hurley,8 Sommers Drive,43,Thailand
304,Kristofor,1 6th Road,63,Thailand
137,Luis,6483 Havey Hill,59,Sweden
316,Sigrid,90712 Lakewood Gardens Street,35,Brazil
10,Sawyer,23816 Scott Avenue,39,Lithuania
679,Alleen,643 Harper Terrace,59,Greece
578,Winnah,2883 Londonderry Alley,37,Brazil
329,Jean,426 Reindahl Drive,78,Rwanda
98,Arabela,3 Brentwood Lane,78,Sweden
103,Federico,7 Reindahl Crossing,54,Russia
334,Licha,03602 Meadow Ridge Plaza,76,Cameroon
113,Reggie,241 Logan Terrace,59,Thailand
938,Stafford,0201 Merchant Street,37,Indonesia
169,Ellie,62658 Memorial Park,73,Sweden
591,Arlette,93 Debra Avenue,52,Indonesia
18,Othelia,93 Commercial Road,35,United States
658,Harriet,23 Reindahl Circle,50,Japan
228,Alison,982 Bowman Street,35,Nicaragua
953,Marcie,668 Veith Parkway,44,Japan
448,Cassandre,56899 Division Street,31,Morocco
31,Wilone,98676 Helena Hill,59,Greece
218,Renell,689 West Plaza,61,Portugal
692,Rici,25 Sommers Junction,26,Indonesia
174,Claudell,3 Eagle Crest Avenue,46,Argentina
62,Lockwood,8568 Hanover Terrace,57,Sweden
976,Petr,7903 Melvin Trail,58,Canada
947,Shae,840 Lawn Alley,63,Belarus
492,Hagen,65342 Oneill Circle,53,Azerbaijan
443,Packston,90030 Wayridge Lane,73,China
919,Pete,461 Washington Way,34,Portugal
821,Chase,21882 Schurz Avenue,56,Philippines
22,Faustine,02949 Comanche Court,31,Indonesia
529,Betta,6467 Delladonna Crossing,33,Brazil
151,Fawne,091 Clarendon Terrace,46,Finland
881,Hobie,5928 Amoth Pass,66,Guatemala
990,Rodrigo,674 Magdeline Way,65,China
624,Shawn,15 Manitowish Terrace,57,Costa Rica
653,Darrin,8705 Del Sol Pass,77,Russia
678,Brendis,33 Arrowood Avenue,59,Portugal
19,Esta,58 Macpherson Place,50,Saudi Arabia
867,Erin,9 Graedel Hill,40,Czech Republic
816,Cyrus,311 Everett Lane,51,Greece
833,Ruthann,607 Ronald Regan Street,71,South Africa
971,Andree,80644 Victoria Pass,71,Poland
489,Owen,54260 Bellgrove Hill,33,China
200,Fielding,0 Claremont Circle,67,China
727,Geneva,97921 Donald Road,35,Indonesia
868,Sloan,216 Magdeline Hill,68,Peru
493,Florenza,87342 Carberry Court,74,China
86,Liuka,418 Roxbury Way,70,China
342,Claire,64309 Hoffman Parkway,41,Peru
500,Rodolphe,0 Graedel Hill,54,China
615,Laverne,405 Mandrake Trail,71,Macedonia
621,Veriee,36 Transport Court,36,Nepal
687,Addy,786 Coolidge Center,28,Peru
750,Karine,232 Talisman Way,27,Brazil
146,Charil,1646 Caliangt Lane,59,Mexico
59,Crawford,4951 Havey Lane,26,Peru
153,Aubrie,0095 Farwell Terrace,61,Democratic Republic of the Congo
69,Silvan,377 Sage Court,44,China
56,Ailee,0001 Sunbrook Trail,65,Poland
844,Ally,3 Leroy Terrace,73,Peru
889,Leonardo,576 Raven Road,63,Israel
99,Archambault,538 Swallow Plaza,48,China
50,Robinett,7959 Nova Hill,56,Sweden
138,Anya,70 West Way,32,Canada
683,Gillan,47 Summer Ridge Street,42,China
891,Meta,14755 Talmadge Place,26,Costa Rica
843,Leif,968 Tomscot Point,27,Russia
596,Luci,11322 Melby Court,43,China
100,Erastus,7412 Pleasure Court,70,Palestinian Territory
180,Merna,067 Hayes Pass,58,Portugal
898,Carree,8504 Toban Lane,73,China
549,Ruthe,191 John Wall Center,48,Russia
957,Ofilia,861 Hagan Court,33,China
117,Nicole,03 Westport Way,33,Brazil
194,Cyndi,8900 Golden Leaf Court,78,China
635,Melloney,23 Upham Way,52,China
176,Ruggiero,58 Hansons Drive,55,Peru
242,Josh,6103 Milwaukee Terrace,58,Indonesia
820,Izak,61 Haas Avenue,47,Argentina
911,Joice,4807 Arizona Parkway,25,Indonesia
894,Pren,46211 Lindbergh Pass,29,Georgia
861,Dolley,764 Ruskin Crossing,49,China
54,Fenelia,49 Columbus Pass,33,China
80,Zoe,1894 Waywood Road,42,Indonesia
405,Thalia,9582 Kings Parkway,76,China
942,Romona,9014 Orin Circle,64,Sweden
202,Sayer,15 Forster Drive,56,Indonesia
965,Moshe,0636 Burrows Avenue,62,China
606,Walton,361 North Way,54,China
116,Winny,0961 Atwood Terrace,37,Iran
253,Adey,1252 Tony Hill,78,China
154,Cathee,30145 Hermina Way,54,Russia
220,Lyn,64 Elmside Lane,70,China
662,Ximenes,04 Luster Junction,45,Indonesia
417,Rica,18322 Bobwhite Place,37,Croatia
198,Kendre,9 Huxley Alley,38,Bulgaria
620,Thaine,493 Bartelt Circle,42,Cayman Islands
4,Marylou,7010 Graedel Way,37,Bolivia
241,Jakob,867 Sunfield Avenue,28,Eritrea
987,Catlee,63 Mcguire Alley,71,Albania
702,Duncan,123 Cardinal Circle,60,Philippines
411,Gilligan,6246 Towne Center,36,Portugal
246,Dolli,5 Michigan Plaza,54,Indonesia
557,Thane,1 3rd Lane,44,Syria
503,Aliza,5 8th Circle,31,Indonesia
445,Rutherford,3534 Division Circle,39,China
725,Kerry,68 Union Place,62,Ukraine
452,Renae,9047 Tony Avenue,42,Indonesia
890,Morse,36 Carpenter Park,32,Switzerland
407,Corrine,198 Erie Park,55,United States
65,Carlos,9886 American Ash Way,60,China
760,Laraine,095 Arrowood Terrace,44,Philippines
659,Thane,561 Loeprich Road,63,Colombia
255,Jere,988 Manitowish Way,47,China
240,Nicky,879 Garrison Crossing,37,Philippines
812,Gerianna,45 Hayes Parkway,65,Denmark
638,Lenka,5777 Ruskin Junction,68,Indonesia
874,Emily,47049 Summit Pass,30,China
570,Ronica,99 New Castle Parkway,62,Morocco
429,Emelen,22115 Nancy Terrace,39,Serbia
11,Natalya,2 Mcguire Way,46,Poland
414,Stirling,639 Ridge Oak Parkway,56,Ukraine
571,Doro,7665 Morningstar Park,41,Czech Republic
948,Shari,3 Myrtle Street,68,Morocco
522,Bab,49764 Golf View Pass,70,Philippines
747,Sollie,06 Redwing Plaza,42,Philippines
847,Matthiew,7742 Talisman Center,42,Russia
814,Tab,53141 Granby Pass,63,Philippines
586,Abigail,891 Monica Point,66,Palestinian Territory
701,Brigitta,25379 Loftsgordon Hill,50,Czech Republic
764,Bram,61698 Sachs Place,68,Mexico
972,Yovonnda,3 Bobwhite Pass,53,France
684,Enid,35779 Loftsgordon Lane,62,Peru
432,Courtenay,3 Harper Drive,31,Portugal
593,Chad,424 Kings Crossing,48,Kenya
905,Ingmar,16177 Buhler Court,43,Indonesia
663,Truman,9984 Oriole Plaza,67,Indonesia
524,Allissa,42 Independence Plaza,50,Macedonia
568,Masha,2 Lunder Point,52,Indonesia
704,Uriah,98 Cody Lane,65,Egypt
280,Vick,43327 Mcbride Street,39,China
711,Averill,16 Sunnyside Road,40,Tanzania
501,Derek,406 Oxford Park,51,Sweden
675,Jami,98498 Ramsey Place,72,Czech Republic
738,Scotty,74 Declaration Park,38,China
682,Neda,7 Graceland Parkway,43,China
173,Harrie,49736 Thierer Avenue,62,China
462,Harlan,5 Mcguire Circle,26,Bangladesh
562,Pieter,05 Glendale Drive,70,Indonesia
619,Quillan,9897 North Crossing,26,Japan
530,Flemming,41288 Weeping Birch Trail,40,China
363,Rodi,844 Kenwood Park,25,Indonesia
23,Vernor,7 Morningstar Junction,52,Indonesia
352,Sidonia,0 Debs Plaza,67,Bangladesh
910,Noni,8970 Messerschmidt Terrace,53,Cape Verde
751,Austen,6081 American Ash Avenue,62,Uganda
776,Orazio,7 Raven Point,70,Brazil
423,Sanson,31902 Kinsman Terrace,32,Guinea
962,Kati,1884 Kings Lane,66,China
477,Dud,7142 Dottie Parkway,43,Philippines
988,Frazier,5 Warbler Alley,76,Sweden
216,Hirsch,59 Milwaukee Junction,74,Mexico
276,Chrystel,0 Lawn Avenue,35,United States
828,Abbe,7 Melby Trail,55,Russia
355,Douglass,585 Sugar Alley,35,Indonesia
422,Violetta,25176 Rockefeller Street,26,United States
248,Irena,064 Norway Maple Crossing,58,China
763,Berte,2751 Mayfield Plaza,34,Philippines
371,Barris,533 Saint Paul Circle,26,Philippines
969,Brita,1 Karstens Parkway,30,Tanzania
47,Bette,4 Basil Alley,46,South Korea
949,Liuka,7725 Artisan Center,35,Russia
922,Whitby,29010 Raven Road,46,China
74,Haleigh,1299 Esch Terrace,58,China
302,Alwin,7 Scofield Pass,64,China
913,Kally,4515 Acker Pass,59,Greece
72,Celeste,44897 Amoth Road,57,China
101,Samuele,91394 Carberry Lane,68,Estonia
933,Hartwell,9 Dorton Center,26,Philippines
677,Mavra,00 Hayes Center,46,Philippines
344,Henrie,3 Granby Park,37,Mexico
305,Annalise,7 Bayside Drive,32,United States
734,Joete,382 Northwestern Hill,41,China
385,Nanine,963 Shoshone Point,52,Portugal
267,Jabez,33522 Hayes Lane,68,Cuba
163,Raffaello,1843 Westend Trail,39,Colombia
876,Thornie,52 Hayes Lane,65,Portugal
845,Sascha,424 Meadow Valley Drive,47,China
66,Lottie,31 Dapin Plaza,72,French Polynesia
551,Sully,5244 Chinook Parkway,55,China
959,Christian,1 High Crossing Circle,60,Japan
81,Humfrey,069 Talmadge Trail,55,Brazil
831,Mercy,2003 Vidon Way,46,Sweden
827,Dwight,5693 Shelley Place,64,Bulgaria
296,Darrick,62158 Oneill Parkway,39,Indonesia
572,Philomena,84437 Schmedeman Hill,74,China
415,Vonni,55 Old Gate Crossing,54,Chile
657,Devinne,013 Dorton Court,46,Ethiopia
520,Lorraine,024 Lukken Lane,67,Indonesia
274,Madelyn,04 Kropf Hill,62,Czech Republic
800,Nick,16 Redwing Road,45,Argentina
269,Clifford,6 Farmco Way,66,France
120,Casar,3 Nelson Park,39,Uganda
787,Talbot,576 Pennsylvania Way,53,Brazil
488,Dickie,929 Melvin Junction,71,Russia
674,Sheryl,74 Carey Alley,73,Nicaragua
293,Zarla,96506 Canary Drive,68,Niger
444,Eunice,892 Toban Circle,44,China
346,Mozelle,388 Bluestem Terrace,39,China
912,Loraine,7 Grayhawk Court,67,Philippines
282,Elaina,333 Marcy Plaza,54,Russia
991,Maren,295 Superior Avenue,67,Poland
660,Fifine,31264 Pennsylvania Road,66,Philippines
914,Virgie,4543 Corry Center,77,Libya
406,Dacie,5775 New Castle Alley,50,Indonesia
322,Ambrosio,409 Monterey Center,40,Venezuela
934,Shanan,268 Cody Drive,47,China
946,Niels,1 Burning Wood Junction,57,United Kingdom
297,Lanita,74 Claremont Pass,30,Tanzania
177,Rex,776 Sugar Crossing,51,Poland
997,Ario,88214 Bay Trail,52,Poland
278,Avrom,322 Eastlawn Crossing,44,Greenland
436,Koenraad,545 Autumn Leaf Street,66,China
458,Jeno,8971 Bonner Hill,54,Angola
958,Aveline,415 Everett Circle,44,Nigeria
655,Phylis,865 Dakota Avenue,69,China
237,Kaylee,80 Kingsford Point,47,France
694,Kriste,60 Luster Crossing,41,China
882,Kalle,98 Susan Way,34,Malaysia
792,Sloan,98656 Moland Park,46,Luxembourg
167,Carmon,365 Dapin Crossing,31,Philippines
533,Yoshiko,7 Erie Court,30,China
288,Derry,589 Drewry Hill,30,Indonesia
837,Manuel,34 Parkside Park,35,Myanmar
523,Colver,0 Park Meadow Street,44,China
724,Andonis,369 Golf Street,50,China
917,Eliot,3 Lakewood Gardens Center,39,Tajikistan
476,Mariellen,370 Shopko Center,64,Sweden
765,Reta,648 Saint Paul Trail,46,Mexico
142,Juliann,06 Transport Pass,48,China
9,Jennee,71 Glendale Drive,36,China
354,Jordain,06270 Vernon Street,69,China
627,Konstanze,59 Farwell Center,58,Portugal
983,Corri,71412 Manitowish Avenue,33,Russia
779,Ricky,0992 Eastlawn Plaza,37,Mongolia
111,Ron,1 Valley Edge Avenue,62,Philippines
236,Rebekah,599 Transport Junction,49,Sweden
537,Darci,5904 Longview Pass,48,Panama
952,Annetta,05 Blackbird Trail,69,Serbia
402,Malchy,94900 Grim Parkway,70,Canada
791,Osgood,38404 Porter Lane,62,Mexico
697,Ryann,01168 Tennyson Place,37,Brazil
12,Ernestus,31 Redwing Lane,31,China
229,Joshia,7 Londonderry Point,42,Russia
130,Ignaz,310 Mifflin Terrace,60,Thailand
691,Kassandra,14152 Huxley Lane,26,Netherlands
515,Kristofer,980 Pine View Crossing,45,Indonesia
109,Layton,3 Rigney Circle,29,Canada
875,Florella,02 Twin Pines Road,74,China
372,Ty,83305 Anderson Circle,39,Peru
602,Granville,2 Emmet Center,29,Ukraine
536,Mohandas,5790 Ryan Way,70,Denmark
399,Temp,1 Village Green Road,68,Poland
467,Shea,59 5th Hill,78,Philippines
752,Judy,6 Hermina Pass,74,Brazil
863,Morgan,5727 Sommers Road,56,United States
636,Cody,931 Mariners Cove Crossing,27,France
434,Art,66 Carioca Drive,26,Czech Republic
878,Jaquelyn,722 Merrick Alley,46,Macedonia
21,Tobye,36 Vidon Center,31,China
479,Radcliffe,19 Bay Way,50,China
786,Lynelle,78015 Moulton Court,48,Burundi
144,Murray,8 Gulseth Park,71,Germany
1,Debbi,5762 Sachs Plaza,36,Russia
519,Nye,8280 Hanson Drive,43,Jamaica
850,Lilli,3312 Blackbird Court,60,United States
799,Kenny,8 Packers Point,61,Bulgaria
745,Deonne,802 Atwood Road,28,Russia
1000,Mallorie,4790 Riverside Point,27,Germany
992,Isacco,3 Arrowood Avenue,50,France
29,Cesya,88740 Basil Road,48,Philippines
535,Ernie,6 Morning Road,77,Indonesia
491,Del,4147 Lunder Hill,32,Ukraine
14,Erhart,7036 Havey Road,51,Nigeria
935,Ferdie,81020 Eastwood Alley,25,Indonesia
835,Hermann,0423 Magdeline Circle,45,Indonesia
63,Cello,597 Briar Crest Parkway,66,Indonesia
518,Valenka,55144 Darwin Hill,48,Brazil
219,Eva,67 Express Drive,25,France
390,Bambie,69027 Warbler Avenue,53,Indonesia
61,Skelly,668 Drewry Junction,78,Portugal
556,Tillie,39 Badeau Pass,43,China
839,Zonnya,7452 Badeau Drive,68,Czech Republic
481,Courtney,7 Hovde Avenue,62,Costa Rica
419,Tybalt,2385 Clemons Junction,47,Czech Republic
148,Sibby,26 Springs Parkway,54,Tanzania
351,Alwin,10 Lakewood Gardens Circle,68,Indonesia
379,Renato,860 Superior Circle,44,Indonesia
565,Issi,2549 Daystar Terrace,39,Mali
183,Lorelle,1714 Pine View Junction,37,Ukraine
550,Pepita,93 Buena Vista Alley,30,China
87,Donnell,15860 Service Trail,51,Russia
829,Todd,833 Dixon Avenue,31,China
819,Alethea,61 Welch Center,74,Indonesia
771,Jess,5 American Circle,53,Spain
790,Urban,5076 Merry Park,68,France
58,Emelyne,89580 Riverside Lane,52,Laos
26,Vivianna,7 Hagan Avenue,78,United States
